claim,statement,manuscript_location,proof,source_or_test,raw_evidence,reproduction,maturity,self_recheck
lem:support,Local-support sufficiency,Section certificates: lem:support,proofs/semantics.md,src/checker.py;src/oracle.py;src/theory_checks.py,results/theory.json;results/chunks/,python -m unittest discover -s tests -v; python reproduce.py --output ../reproduced --compare results,"mathematical proof; executable connection tested, not mechanized",proof and bounded examples checked; global venue acceptance not asserted
cor:localquant,Exact local quantification,Section certificates: cor:localquant,proofs/semantics.md,src/checker.py;src/oracle.py;src/theory_checks.py,results/theory.json;results/chunks/,python -m unittest discover -s tests -v; python reproduce.py --output ../reproduced --compare results,"mathematical proof; executable connection tested, not mechanized",proof and bounded examples checked; global venue acceptance not asserted
lem:region,Certified region contains every target prefix,Section certificates: lem:region,proofs/semantics.md,src/checker.py;src/oracle.py;src/theory_checks.py,results/theory.json;results/chunks/,python -m unittest discover -s tests -v; python reproduce.py --output ../reproduced --compare results,"mathematical proof; executable connection tested, not mechanized",proof and bounded examples checked; global venue acceptance not asserted
thm:soundness,Certificate soundness,Section certificates: thm:soundness,proofs/semantics.md,src/checker.py;src/oracle.py;src/theory_checks.py,results/theory.json;results/chunks/,python -m unittest discover -s tests -v; python reproduce.py --output ../reproduced --compare results,"mathematical proof; executable connection tested, not mechanized",proof and bounded examples checked; global venue acceptance not asserted
thm:complete,Relative completeness,Section certificates: thm:complete,proofs/semantics.md,src/checker.py;src/oracle.py;src/theory_checks.py,results/theory.json;results/chunks/,python -m unittest discover -s tests -v; python reproduce.py --output ../reproduced --compare results,"mathematical proof; executable connection tested, not mechanized",proof and bounded examples checked; global venue acceptance not asserted
lem:prefix,Prefix reconstruction before the first bad layer,Section certificates: lem:prefix,proofs/semantics.md,src/checker.py;src/oracle.py;src/theory_checks.py,results/theory.json;results/chunks/,python -m unittest discover -s tests -v; python reproduce.py --output ../reproduced --compare results,"mathematical proof; executable connection tested, not mechanized",proof and bounded examples checked; global venue acceptance not asserted
thm:shortest,Shortest witness and target-state bound,Section certificates: thm:shortest,proofs/semantics.md,src/checker.py;src/oracle.py;src/theory_checks.py,results/theory.json;results/chunks/,python -m unittest discover -s tests -v; python reproduce.py --output ../reproduced --compare results,"mathematical proof; executable connection tested, not mechanized",proof and bounded examples checked; global venue acceptance not asserted
prop:tight,Tightness,Section certificates: prop:tight,proofs/semantics.md,src/checker.py;src/oracle.py;src/theory_checks.py,results/theory.json;results/chunks/,python -m unittest discover -s tests -v; python reproduce.py --output ../reproduced --compare results,"mathematical proof; executable connection tested, not mechanized",proof and bounded examples checked; global venue acceptance not asserted
lem:symbolic,Symbolic cell agreement,Section implementation: lem:symbolic,proofs/semantics.md,src/symbolic.py;src/public_inputs.py;tests/test_core.py,results/pilot/pilot.json;results/chunks/,python -m unittest discover -s tests -v; python reproduce.py --output ../reproduced --compare results,"mathematical proof; executable connection tested, not mechanized",proof and bounded examples checked; global venue acceptance not asserted
prop:outside,Outside-name preservation for the selected equality fragment,Section implementation: prop:outside,proofs/semantics.md,src/symbolic.py;src/public_inputs.py;tests/test_core.py,results/pilot/pilot.json;results/chunks/,python -m unittest discover -s tests -v; python reproduce.py --output ../reproduced --compare results,"mathematical proof; executable connection tested, not mechanized",proof and bounded examples checked; global venue acceptance not asserted
lem:ordinary-adapter,Ordinary model conversion,Section implementation: lem:ordinary-adapter,proofs/semantics.md,src/symbolic.py;src/public_inputs.py;tests/test_core.py,results/pilot/pilot.json;results/chunks/,python -m unittest discover -s tests -v; python reproduce.py --output ../reproduced --compare results,"mathematical proof; executable connection tested, not mechanized",proof and bounded examples checked; global venue acceptance not asserted
prop:domain,Domain embedding,Section implementation: prop:domain,proofs/semantics.md,src/symbolic.py;src/public_inputs.py;tests/test_core.py,results/pilot/pilot.json;results/chunks/,python -m unittest discover -s tests -v; python reproduce.py --output ../reproduced --compare results,"mathematical proof; executable connection tested, not mechanized",proof and bounded examples checked; global venue acceptance not asserted
lem:typedstep,"Determinacy, preservation, and denial",Section language: lem:typedstep,proofs/semantics.md,src/language.py;tests/test_core.py,results/chunks/;tests/test_core.py,python -m unittest discover -s tests -v; python reproduce.py --output ../reproduced --compare results,"mathematical proof; executable connection tested, not mechanized",proof and bounded examples checked; global venue acceptance not asserted
lem:normalization,Normalization laws,Section language: lem:normalization,proofs/semantics.md,src/language.py;tests/test_core.py,results/chunks/;tests/test_core.py,python -m unittest discover -s tests -v; python reproduce.py --output ../reproduced --compare results,"mathematical proof; executable connection tested, not mechanized",proof and bounded examples checked; global venue acceptance not asserted
lem:uniqueparse,Unique structural parse,Section language: lem:uniqueparse,proofs/semantics.md,src/language.py;tests/test_core.py,results/chunks/;tests/test_core.py,python -m unittest discover -s tests -v; python reproduce.py --output ../reproduced --compare results,"mathematical proof; executable connection tested, not mechanized",proof and bounded examples checked; global venue acceptance not asserted
thm:roundtrip,Canonical round trips,Section language: thm:roundtrip,proofs/semantics.md,src/language.py;tests/test_core.py,results/chunks/;tests/test_core.py,python -m unittest discover -s tests -v; python reproduce.py --output ../reproduced --compare results,"mathematical proof; executable connection tested, not mechanized",proof and bounded examples checked; global venue acceptance not asserted
prop:bridge-front,Front-end/behavior separation,Section language: prop:bridge-front,proofs/semantics.md,src/language.py;tests/test_core.py,results/chunks/;tests/test_core.py,python -m unittest discover -s tests -v; python reproduce.py --output ../reproduced --compare results,"mathematical proof; executable connection tested, not mechanized",proof and bounded examples checked; global venue acceptance not asserted
thm:uniformexist,Interpretation-independent compilation,Section ambiguity: thm:uniformexist,proofs/semantics.md,src/theory_checks.py;tests/test_core.py,results/theory.json;results/chunks/,python -m unittest discover -s tests -v; python reproduce.py --output ../reproduced --compare results,"mathematical proof; executable connection tested, not mechanized",proof and bounded examples checked; global venue acceptance not asserted
prop:least-support,Least semantic support,Section ambiguity: prop:least-support,proofs/semantics.md,src/theory_checks.py;tests/test_core.py,results/theory.json;results/chunks/,python -m unittest discover -s tests -v; python reproduce.py --output ../reproduced --compare results,"mathematical proof; executable connection tested, not mechanized",proof and bounded examples checked; global venue acceptance not asserted
thm:conp,Complexity of uniform equivalence,Section ambiguity: thm:conp,proofs/semantics.md,src/theory_checks.py;tests/test_core.py,results/theory.json;results/chunks/,python -m unittest discover -s tests -v; python reproduce.py --output ../reproduced --compare results,"mathematical proof; executable connection tested, not mechanized",proof and bounded examples checked; global venue acceptance not asserted
thm:relevance,Complexity of an essential alias,Section ambiguity: thm:relevance,proofs/semantics.md,src/theory_checks.py;tests/test_core.py,results/theory.json;results/chunks/,python -m unittest discover -s tests -v; python reproduce.py --output ../reproduced --compare results,"mathematical proof; executable connection tested, not mechanized",proof and bounded examples checked; global venue acceptance not asserted
prop:decisionbound,Decision-only observation has no target-only bound,Section ambiguity: prop:decisionbound,proofs/semantics.md,src/theory_checks.py;tests/test_core.py,results/theory.json;results/chunks/,python -m unittest discover -s tests -v; python reproduce.py --output ../reproduced --compare results,"mathematical proof; executable connection tested, not mechanized",proof and bounded examples checked; global venue acceptance not asserted
thm:compile,Fixed-binding compilation,Section compilation: thm:compile,proofs/semantics.md,src/compiler.py;src/theory_checks.py,results/theory.json;results/chunks/,python -m unittest discover -s tests -v; python reproduce.py --output ../reproduced --compare results,"mathematical proof; executable connection tested, not mechanized",proof and bounded examples checked; global venue acceptance not asserted
lem:reify-table,Reified table agreement,Section compilation: lem:reify-table,proofs/semantics.md,src/compiler.py;src/theory_checks.py,results/theory.json;results/chunks/,python -m unittest discover -s tests -v; python reproduce.py --output ../reproduced --compare results,"mathematical proof; executable connection tested, not mechanized",proof and bounded examples checked; global venue acceptance not asserted
thm:reify,Exact reachable-state criterion for reification,Section compilation: thm:reify,proofs/semantics.md,src/compiler.py;src/theory_checks.py,results/theory.json;results/chunks/,python -m unittest discover -s tests -v; python reproduce.py --output ../reproduced --compare results,"mathematical proof; executable connection tested, not mechanized",proof and bounded examples checked; global venue acceptance not asserted
cor:behavioralroundtrip,Behavioral round trip,Section compilation: cor:behavioralroundtrip,proofs/semantics.md,src/compiler.py;src/theory_checks.py,results/theory.json;results/chunks/,python -m unittest discover -s tests -v; python reproduce.py --output ../reproduced --compare results,"mathematical proof; executable connection tested, not mechanized",proof and bounded examples checked; global venue acceptance not asserted
lem:containment,Containment collapses for the deterministic interface,Section model: lem:containment,proofs/semantics.md,src/oracle.py;tests/test_core.py,results/theory.json;results/chunks/,python -m unittest discover -s tests -v; python reproduce.py --output ../reproduced --compare results,"mathematical proof; executable connection tested, not mechanized",proof and bounded examples checked; global venue acceptance not asserted
prop:bridge-traces,Trace-containment bridge,Section model: prop:bridge-traces,proofs/semantics.md,src/oracle.py;tests/test_core.py,results/theory.json;results/chunks/,python -m unittest discover -s tests -v; python reproduce.py --output ../reproduced --compare results,"mathematical proof; executable connection tested, not mechanized",proof and bounded examples checked; global venue acceptance not asserted
primary-count,"10,000 primary cases with complete ordered identifiers",Evaluation and stated model,proofs/semantics.md,src/experiments.py;src/summarize.py,results/summary.json;results/chunks/,python reproduce.py --output ../reproduced --compare results,measured or explicitly derived as stated,raw-record reconciliation; fresh reproduction recorded separately
primary-outcomes,"9,012 accepted; 9,977 completed fixed-binding products agree with local diagnosis",Evaluation and stated model,proofs/semantics.md,src/experiments.py;src/summarize.py,results/summary.json;results/chunks/,python reproduce.py --output ../reproduced --compare results,measured or explicitly derived as stated,raw-record reconciliation; fresh reproduction recorded separately
symbolic-outcomes,"9,985 completed symbolic comparisons agree on verdict and minimum witness length",Evaluation and stated model,proofs/semantics.md,src/experiments.py;src/summarize.py,results/summary.json;results/chunks/,python reproduce.py --output ../reproduced --compare results,measured or explicitly derived as stated,raw-record reconciliation; fresh reproduction recorded separately
auxiliary-count,"3,330 exact small cases cover reductions, state observations and reference behavior",Evaluation and stated model,proofs/semantics.md,src/experiments.py;src/summarize.py,results/theory.json,python reproduce.py --output ../reproduced --compare results,measured or explicitly derived as stated,raw-record reconciliation; fresh reproduction recorded separately
public-conversion,Six public models; 516 finite projected requests and forty frozen assertions agree,Evaluation and stated model,proofs/semantics.md,src/experiments.py;src/summarize.py,results/pilot/pilot.json;external_inputs/casbin/assertions.json,python reproduce.py --output ../reproduced --compare results,measured or explicitly derived as stated,raw-record reconciliation; fresh reproduction recorded separately
public-variants,18 public-derived cases include expressly constructed one-use and parity extensions,Evaluation and stated model,proofs/semantics.md,src/experiments.py;src/summarize.py,results/chunks/00000-00249.jsonl;results/examples/,python reproduce.py --output ../reproduced --compare results,measured or explicitly derived as stated,raw-record reconciliation; fresh reproduction recorded separately
generated-distinct,"9,936 generated cases contain 9,772 distinct canonical ASTs and 164 duplicate occurrences",Evaluation and stated model,proofs/semantics.md,src/experiments.py;src/summarize.py,results/summary.json;src/cases.py,python reproduce.py --output ../reproduced --compare results,measured or explicitly derived as stated,raw-record reconciliation; fresh reproduction recorded separately
multi-candidate,"5,672 multi-candidate generated policies have uniform behavior; 958 do not",Evaluation and stated model,proofs/semantics.md,src/experiments.py;src/summarize.py,results/summary.json;results/chunks/,python reproduce.py --output ../reproduced --compare results,measured or explicitly derived as stated,raw-record reconciliation; fresh reproduction recorded separately
mutation-detection,889 attempted reachable decision flips are detected,Evaluation and stated model,proofs/semantics.md,src/experiments.py;src/summarize.py,results/summary.json;results/chunks/,python reproduce.py --output ../reproduced --compare results,measured or explicitly derived as stated,raw-record reconciliation; fresh reproduction recorded separately
width-count,Width-one family has 4m local evaluations and derived 2m2^m global count; global run only through m=8,Evaluation and stated model,proofs/semantics.md,src/experiments.py;src/summarize.py,results/width.csv;results/chunks/09750-09999.jsonl,python reproduce.py --output ../reproduced --compare results,measured or explicitly derived as stated,raw-record reconciliation; fresh reproduction recorded separately
chain-minimum,Fifteen chain cases realize prescribed witness lengths through 128,Evaluation and stated model,proofs/semantics.md,src/experiments.py;src/summarize.py,results/summary.json;results/examples/,python reproduce.py --output ../reproduced --compare results,measured or explicitly derived as stated,raw-record reconciliation; fresh reproduction recorded separately
reification-count,66 selected cases reify and recompile within the AST envelope,Evaluation and stated model,proofs/semantics.md,src/experiments.py;src/summarize.py,results/summary.json;results/chunks/,python reproduce.py --output ../reproduced --compare results,measured or explicitly derived as stated,raw-record reconciliation; fresh reproduction recorded separately
resource-body,"1,340,425 counted operations in the final delivered campaign; timing refers to recorded scoped bodies rather than all process startup",Evaluation and stated model,proofs/semantics.md,src/experiments.py;src/summarize.py;src/adversarial_checks.py;src/exhaustive_audit.py,results/summary.json;results/adversarial.json;results/exhaustive.json;results/chunks/*.metrics.json,python reproduce.py --output ../reproduced --compare results,measured or explicitly derived as stated,Final campaign total reconciled to raw records; code-frozen fresh archive reproduction matched baseline; lifetime exception retained in resource_accounting.json
scope,Static roles; full observations; finite Cartesian fixed bindings; no public-engine or deployed-security experiment,Evaluation and stated model,proofs/semantics.md,src/experiments.py;src/summarize.py,proofs/semantics.md;README.md,python reproduce.py --output ../reproduced --compare results,measured or explicitly derived as stated,raw-record reconciliation; fresh reproduction recorded separately
clean-reproduction,The retained earlier fresh reconstruction reproduces all scientific record families after excluding declared timing and Linux RSS fields; it is historical evidence rather than acceptance of the current release entry point.,Section 8.9,Not a mathematical theorem,reproduce.py;src/summarize.py;src/adversarial_checks.py;src/exhaustive_audit.py;src/reference_check.py,results/clean_reproduction.json;results/documented_commands.json,python reproduce.py --output ../reproduced --compare results,Executed fresh extraction; timing and RSS fields excluded from equality,"Earlier non-resumed reconstruction matched all scientific records, ran seven documented commands, and reported the then-current 45 test methods; current entry-point acceptance is recorded separately."
unit-regressions,"The current suite has 56 methods; the retained Linux entry check ran 47, and the current eleven-method portable subset passes in ordinary and optimized modes. The current whole Linux suite remains unrun.",Evaluation: Resources reproduction and interpretation,Not a mathematical theorem,tests/test_core.py;tests/test_release_cli.py;verify_release.py,results/reproducibility_entry_check.json;tests/test_release_cli.py,python verify_release.py,Historical Linux execution plus current portable subset; method count is not assertion count,Nine additional regressions are locally checked; do not interpret the historical 47-method record as a pass for the current 56-method Linux suite.
reproduction-timeout,The first clean attempt exceeded an enclosing 120-second limit after 37 complete chunks; this is not a successful replication.,Section 8.9,Not a mathematical theorem,reproduce.py;src/experiments.py,results/reproduction_boundary.json;results/clean_reproduction.json,The repaired runner is exercised by the clean reproduction command,Observed failure retained; repaired orchestration has a separate successful result,Partial and complete outcomes remain distinct
canonical-observable-quotient,"Reachable-fiber coherence yields a trace-equivalent quotient, minimal in reachable observed states and unique up to reachable isomorphism",Proposition prop:quotient,proofs/semantics.md Section 11,src/extensions.py; src/extension_checks.py; tests/test_core.py,results/extensions.json,python -m unittest discover -s tests -v; python src/extension_checks.py --output ../extensions.json; python reproduce.py --output ../reproduced --compare results,Written mathematical proof plus executable finite cross-check; not proof-assistant mechanized,128 two-state targets independently classified for fiber coherence; every constructed quotient passes finite trace-equivalence traversal
binding-failure-profile,Every fixed binding has shortest failure equal to its minimum bad-cell target distance plus one; latency strata classify all bindings,Theorem thm:profile,proofs/semantics.md Section 12,src/extensions.py; src/extension_checks.py; tests/test_core.py,results/extensions.json,python -m unittest discover -s tests -v; python src/extension_checks.py --output ../extensions.json; python reproduce.py --output ../reproduced --compare results,Written mathematical proof plus executable finite cross-check; not proof-assistant mechanized,128 generated policies and 296 complete bindings agree with singleton fixed-binding product verdicts and shortest lengths
observable-quotient-witness-bound,Coherent observed quotient sharpens the shortest witness bound to the number of reachable observations,Corollary cor:quotient-bound,proofs/semantics.md Section 13,src/extensions.py; src/extension_checks.py; tests/test_core.py,results/extensions.json,python -m unittest discover -s tests -v; python src/extension_checks.py --output ../extensions.json; python reproduce.py --output ../reproduced --compare results,Written mathematical proof plus executable finite cross-check; not proof-assistant mechanized,Constructed coherent quotients preserve traces on the 128-case family; the mathematical bound follows from the proof rather than timing data
projection-step-law,Retaining all guard reads and backward update dependencies makes restriction commute with a policy step,Lemma lem:step-projection,proofs/semantics.md Section 14,src/extensions.py; src/extension_checks.py; tests/test_core.py,results/extensions.json,python -m unittest discover -s tests -v; python src/extension_checks.py --output ../extensions.json; python reproduce.py --output ../reproduced --compare results,Written mathematical proof plus executable finite cross-check; not proof-assistant mechanized,"192 policy/required-set pairs and 10,224 full state/request/binding tuples satisfy the one-step projection equation"
projection-trace-and-certificates,The dependency-closed projected source inherits the certificate and shortest-witness properties for projected traces,Theorem thm:projection,proofs/semantics.md Section 14,src/extensions.py; src/extension_checks.py; tests/test_core.py,results/extensions.json,python -m unittest discover -s tests -v; python src/extension_checks.py --output ../extensions.json; python reproduce.py --output ../reproduced --compare results,Written mathematical proof plus executable finite cross-check; not proof-assistant mechanized,Projected policies are well typed; step equality is exhaustively checked on the finite family and unit tests apply the ordinary checker to a projected target
restricted-binding-family,Exact projections of any specified nonempty family preserve certificate soundness/completeness and restricted latency classes,Proposition prop:restricted,proofs/semantics.md Section 15,src/extensions.py; src/extension_checks.py; tests/test_core.py,results/extensions.json,python -m unittest discover -s tests -v; python src/extension_checks.py --output ../extensions.json; python reproduce.py --output ../reproduced --compare results,Written mathematical proof plus executable finite cross-check; not proof-assistant mechanized,All 15 nonempty subfamilies of the four-binding correlated example agree with singleton-product verdicts and return only legal failing bindings
two-stage-profile-example,"The two-reference example has shortest lengths infinity, 2, 1, 1 and exhaustive-cell assignment counts 6 versus 16",Table tab:profile,proofs/semantics.md Section 12,Direct symbolic derivation from displayed rules,Not part of the 10000-case campaign,Evaluate the displayed four bindings algebraically,Analytic illustration,Written argument and interface premises rechecked; no new experiment executed
prop:switching,Full-state uniformity is equivalent to equality under arbitrary stepwise complete-binding choices,Section ambiguity: prop:switching,proofs/semantics.md Section 16,src/extensions.py; src/extension_checks.py; tests/test_core.py,results/extensions.json,python -m unittest discover -s tests -v; python src/extension_checks.py --output ../extensions.json; python reproduce.py --output ../reproduced --compare results,Written mathematical proof plus executable finite cross-check; not proof-assistant mechanized,128 generated full-state candidates agree between fixed-binding uniformity and switching search; the decision-only fixture separates them at length two
cor:classification,"Matching interpretations partition candidate behavior into all, a nonempty proper family, or none; the matching family is greatest",Section certificates: cor:classification,proofs/semantics.md Section 17,src/extensions.py; src/extension_checks.py; tests/test_core.py,results/extensions.json,python -m unittest discover -s tests -v; python src/extension_checks.py --output ../extensions.json; python reproduce.py --output ../reproduced --compare results,Written mathematical proof plus executable finite cross-check; not proof-assistant mechanized,The profile implementation reports all/some/none and matching bindings; 128 generated candidates include 113 all and 15 some cases
literature-xing2025cnlp,Scoped comparison with When Prompt Engineering Meets Software Engineering: {CNL-P} as Natural and Robust ``{APIs}'' for Human-{AI} Interaction,sections/discussion.tex:25; sections/introduction.tex:8,proofs/literature.md,https://arxiv.org/abs/2508.06942,reference_audit.csv; external_resources.csv,Inspect the cited passage and the disclosed reading scope; no external artifact execution,"Scholarly comparison, not experimental evidence",Inherited source verification; current manuscript-use review
literature-swamy2010fine,Scoped comparison with Enforcing Stateful Authorization and Information Flow Policies in {FINE},sections/discussion.tex:27,proofs/literature.md,https://www.microsoft.com/en-us/research/wp-content/uploads/2016/02/paper-78.pdf,reference_audit.csv; external_resources.csv,Inspect the cited passage and the disclosed reading scope; no external artifact execution,"Scholarly comparison, not experimental evidence",Inherited source verification; current manuscript-use review
literature-cutler2024cedar,Cedar supports typed declarative authorization and symbolic analysis without policy side effects,sections/discussion.tex:17; sections/introduction.tex:6,proofs/literature.md,https://cdn.amazon.science/96/a8/1b427993481cbdf0ef2c8ca6db85/cedar-a-new-language-for-expressive-fast-safe-and-analyzable-authorization.pdf,reference_audit.csv; external_resources.csv,Inspect the cited passage and the disclosed reading scope; no external artifact execution,"Scholarly comparison, not experimental evidence",Primary-source passage and metadata checked for this expansion
literature-liu2009linearizability,Scoped comparison with Model Checking Linearizability via Refinement,sections/discussion.tex:32; sections/model.tex:83,proofs/literature.md,https://www.comp.nus.edu.sg/~pat/publications/linearizability.pdf,reference_audit.csv; external_resources.csv,Inspect the cited passage and the disclosed reading scope; no external artifact execution,"Scholarly comparison, not experimental evidence",Inherited source verification; current manuscript-use review
literature-foster2007lenses,Scoped comparison with Combinators for Bidirectional Tree Transformations: A Linguistic Approach to the View-Update Problem,sections/discussion.tex:27; sections/language.tex:139,proofs/literature.md,https://www.cis.upenn.edu/~bcpierce/papers/lenses-toplas-final.pdf,reference_audit.csv; external_resources.csv,Inspect the cited passage and the disclosed reading scope; no external artifact execution,"Scholarly comparison, not experimental evidence",Inherited source verification; current manuscript-use review
literature-lamport1996refinement,Scoped comparison with Refinement in State-Based Formalisms,sections/compilation.tex:48; sections/discussion.tex:30,proofs/literature.md,https://lamport.azurewebsites.net/pubs/refinement.pdf,reference_audit.csv; external_resources.csv,Inspect the cited passage and the disclosed reading scope; no external artifact execution,"Scholarly comparison, not experimental evidence",Inherited source verification; current manuscript-use review
literature-leroy2009backend,Scoped comparison with A Formally Verified Compiler Back-End,sections/discussion.tex:37,proofs/literature.md,https://xavierleroy.org/publi/compcert-backend.pdf,reference_audit.csv; external_resources.csv,Inspect the cited passage and the disclosed reading scope; no external artifact execution,"Scholarly comparison, not experimental evidence",Inherited source verification; current manuscript-use review
literature-lang2003independence,Scoped comparison with Propositional Independence: Formula-Variable Independence and Forgetting,sections/ambiguity.tex:63; sections/discussion.tex:42,proofs/literature.md,https://arxiv.org/abs/1106.4578,reference_audit.csv; external_resources.csv,Inspect the cited passage and the disclosed reading scope; no external artifact execution,"Scholarly comparison, not experimental evidence",Inherited source verification; current manuscript-use review
literature-bryant1986graphs,Scoped comparison with Graph-Based Algorithms for Boolean Function Manipulation,sections/discussion.tex:40; sections/implementation.tex:23,proofs/literature.md,https://www.cs.cmu.edu/~bryant/pubdir/ieeetc86.pdf,reference_audit.csv; external_resources.csv,Inspect the cited passage and the disclosed reading scope; no external artifact execution,"Scholarly comparison, not experimental evidence",Inherited source verification; current manuscript-use review
literature-vatsa2026autocedar,Scoped comparison with {AutoCedar}: An Agentic Framework for Verifier-Guided Access Control Policy Synthesis,sections/discussion.tex:25,proofs/literature.md,https://arxiv.org/abs/2607.03656,reference_audit.csv; external_resources.csv,Inspect the cited passage and the disclosed reading scope; no external artifact execution,"Scholarly comparison, not experimental evidence",Inherited source verification; current manuscript-use review
literature-fournet2007authorization,Scoped comparison with A Type Discipline for Authorization Policies,sections/discussion.tex:27,proofs/literature.md,https://people.mpi-sws.org/~dg/teaching/lis2014/modules/refinement-1-fournet07.pdf,reference_audit.csv; external_resources.csv,Inspect the cited passage and the disclosed reading scope; no external artifact execution,"Scholarly comparison, not experimental evidence",Inherited source verification; current manuscript-use review
literature-bengtson2008refinement,Scoped comparison with Refinement Types for Secure Implementations,sections/discussion.tex:27,proofs/literature.md,https://andrewdgordon.github.io/papers/refinement-types-for-secure-implementations.pdf,reference_audit.csv; external_resources.csv,Inspect the cited passage and the disclosed reading scope; no external artifact execution,"Scholarly comparison, not experimental evidence",Inherited source verification; current manuscript-use review
literature-lamport1994tla,Scoped comparison with The Temporal Logic of Actions,sections/discussion.tex:30,proofs/literature.md,https://lamport.azurewebsites.net/pubs/lamport-actions.pdf,reference_audit.csv; external_resources.csv,Inspect the cited passage and the disclosed reading scope; no external artifact execution,"Scholarly comparison, not experimental evidence",Inherited source verification; current manuscript-use review
literature-clarke1994abstraction,Scoped comparison with Model Checking and Abstraction,sections/discussion.tex:42,proofs/literature.md,https://www.cs.cmu.edu/~emc/papers/Papers%20In%20Refereed%20Journals/Model%20Checking%20and%20Abstraction94.pdf,reference_audit.csv; external_resources.csv,Inspect the cited passage and the disclosed reading scope; no external artifact execution,"Scholarly comparison, not experimental evidence",Inherited source verification; current manuscript-use review
literature-rival2007partitioning,Scoped comparison with The Trace Partitioning Abstract Domain,sections/discussion.tex:42,proofs/literature.md,https://www.di.ens.fr/~rival/papers/toplas07.pdf,reference_audit.csv; external_resources.csv,Inspect the cited passage and the disclosed reading scope; no external artifact execution,"Scholarly comparison, not experimental evidence",Inherited source verification; current manuscript-use review
literature-necula2000validation,Scoped comparison with Translation Validation for an Optimizing Compiler,sections/compilation.tex:146; sections/discussion.tex:35,proofs/literature.md,https://people.eecs.berkeley.edu/~necula/Papers/tv_pldi00.pdf,reference_audit.csv; external_resources.csv,Inspect the cited passage and the disclosed reading scope; no external artifact execution,"Scholarly comparison, not experimental evidence",Inherited source verification; current manuscript-use review
literature-schneider2000enforceable,Scoped comparison with Enforceable Security Policies,sections/discussion.tex:45,proofs/literature.md,https://www.cs.cornell.edu/fbs/publications/EnfSecPols.pdf,reference_audit.csv; external_resources.csv,Inspect the cited passage and the disclosed reading scope; no external artifact execution,"Scholarly comparison, not experimental evidence",Inherited source verification; current manuscript-use review
literature-hamlen2006enforcement,Scoped comparison with Computability Classes for Enforcement Mechanisms,sections/discussion.tex:45,proofs/literature.md,https://www.cs.cornell.edu/fbs/publications/EnfClasses.pdf,reference_audit.csv; external_resources.csv,Inspect the cited passage and the disclosed reading scope; no external artifact execution,"Scholarly comparison, not experimental evidence",Inherited source verification; current manuscript-use review
literature-barthe2009translation,Scoped comparison with Certificate Translation for Optimizing Compilers,sections/discussion.tex:35,proofs/literature.md,https://www-sop.inria.fr/members/Benjamin.Gregoire/Publi/toplas08.pdf,reference_audit.csv; external_resources.csv,Inspect the cited passage and the disclosed reading scope; no external artifact execution,"Scholarly comparison, not experimental evidence",Inherited source verification; current manuscript-use review
literature-barthe2011abstract,Scoped comparison with An Abstract Model of Certificate Translation,sections/discussion.tex:35,proofs/literature.md,https://software.imdea.org/~ckunz/toplas2.pdf,reference_audit.csv; external_resources.csv,Inspect the cited passage and the disclosed reading scope; no external artifact execution,"Scholarly comparison, not experimental evidence",Inherited source verification; current manuscript-use review
literature-clements2004stack,Scoped comparison with A Tail-Recursive Machine with Stack Inspection,sections/discussion.tex:45,proofs/literature.md,https://www.brinckerhoff.org/clements/papers/cf-toplas04.pdf,reference_audit.csv; external_resources.csv,Inspect the cited passage and the disclosed reading scope; no external artifact execution,"Scholarly comparison, not experimental evidence",Inherited source verification; current manuscript-use review
literature-lamport2022prophecy,Scoped comparison with Prophecy Made Simple,sections/discussion.tex:30,proofs/literature.md,https://lamport.azurewebsites.net/pubs/simple.pdf,reference_audit.csv; external_resources.csv,Inspect the cited passage and the disclosed reading scope; no external artifact execution,"Scholarly comparison, not experimental evidence",Inherited source verification; current manuscript-use review
literature-rendel2010invertible,Scoped comparison with Invertible Syntax Descriptions: Unifying Parsing and Pretty Printing,sections/discussion.tex:27,proofs/literature.md,https://www.informatik.uni-marburg.de/~rendel/unparse/rendel10invertible.pdf,reference_audit.csv; external_resources.csv,Inspect the cited passage and the disclosed reading scope; no external artifact execution,"Scholarly comparison, not experimental evidence",Inherited source verification; current manuscript-use review
literature-kuhn2014survey,Scoped comparison with A Survey and Classification of Controlled Natural Languages,sections/discussion.tex:25,proofs/literature.md,https://aclanthology.org/J14-1005.pdf,reference_audit.csv; external_resources.csv,Inspect the cited passage and the disclosed reading scope; no external artifact execution,"Scholarly comparison, not experimental evidence",Inherited source verification; current manuscript-use review
literature-horwitz1990slicing,Scoped comparison with Interprocedural Slicing Using Dependence Graphs,sections/ambiguity.tex:112; sections/discussion.tex:42,proofs/literature.md,https://www.csa.iisc.ac.in/~raghavan/CleanedPav2011/horwitz-sdg-slicing-1990.pdf,reference_audit.csv; external_resources.csv,Inspect the cited passage and the disclosed reading scope; no external artifact execution,"Scholarly comparison, not experimental evidence",Inherited source verification; current manuscript-use review
literature-jourdan2012parsers,Scoped comparison with Validating {LR(1)} Parsers,sections/discussion.tex:37,proofs/literature.md,https://xavierleroy.org/publi/validated-parser.pdf,reference_audit.csv; external_resources.csv,Inspect the cited passage and the disclosed reading scope; no external artifact execution,"Scholarly comparison, not experimental evidence",Inherited source verification; current manuscript-use review
literature-tristan2008validators,Scoped comparison with Formal Verification of Translation Validators: A Case Study on Instruction Scheduling Optimizations,sections/discussion.tex:37,proofs/literature.md,https://jtristan.github.io/papers/popl08.pdf,reference_audit.csv; external_resources.csv,Inspect the cited passage and the disclosed reading scope; no external artifact execution,"Scholarly comparison, not experimental evidence",Inherited source verification; current manuscript-use review
literature-bourke2017lustre,Scoped comparison with A Formally Verified Compiler for {Lustre},sections/discussion.tex:37,proofs/literature.md,https://xavierleroy.org/publi/velus-pldi17.pdf,reference_audit.csv; external_resources.csv,Inspect the cited passage and the disclosed reading scope; no external artifact execution,"Scholarly comparison, not experimental evidence",Inherited source verification; current manuscript-use review
literature-doenges2022leapfrog,Scoped comparison with {Leapfrog}: Certified Equivalence for Protocol Parsers,sections/discussion.tex:37,proofs/literature.md,https://arxiv.org/pdf/2205.08762,reference_audit.csv; external_resources.csv,Inspect the cited passage and the disclosed reading scope; no external artifact execution,"Scholarly comparison, not experimental evidence",Inherited source verification; current manuscript-use review
literature-classen2011symbolic,Scoped comparison with Symbolic Model Checking of Software Product Lines,sections/discussion.tex:42,proofs/literature.md,https://doi.org/10.1145/1985793.1985838,reference_audit.csv; external_resources.csv,Inspect the cited passage and the disclosed reading scope; no external artifact execution,"Scholarly comparison, not experimental evidence",Inherited source verification; current manuscript-use review
literature-abate2021traces,Scoped comparison with An Extended Account of Trace-Relating Compiler Correctness and Secure Compilation,sections/discussion.tex:32,proofs/literature.md,https://squera.github.io/pdf/main-j.pdf,reference_audit.csv; external_resources.csv,Inspect the cited passage and the disclosed reading scope; no external artifact execution,"Scholarly comparison, not experimental evidence",Inherited source verification; current manuscript-use review
literature-patrignani2024uc,Scoped comparison with Universal Composability Is Robust Compilation,sections/discussion.tex:32,proofs/literature.md,https://squera.github.io/pdf/uc-is-sc-j.pdf,reference_audit.csv; external_resources.csv,Inspect the cited passage and the disclosed reading scope; no external artifact execution,"Scholarly comparison, not experimental evidence",Inherited source verification; current manuscript-use review
literature-chakarov2025cloud,Scoped comparison with Formally Verified Cloud-Scale Authorization,sections/discussion.tex:45,proofs/literature.md,https://cdn.amazon.science/bb/40/22ac44f84f6d8eb625ac9666a00f/formally-verified-cloud-scale-authorization.pdf,reference_audit.csv; external_resources.csv,Inspect the cited passage and the disclosed reading scope; no external artifact execution,"Scholarly comparison, not experimental evidence",Inherited source verification; current manuscript-use review
literature-abadi1991mappings,State mappings and auxiliary variables are established refinement techniques,sections/discussion.tex:30,proofs/literature.md,https://lamport.azurewebsites.net/pubs/abadi-existence.pdf,reference_audit.csv; external_resources.csv,Inspect the cited passage and the disclosed reading scope; no external artifact execution,"Scholarly comparison, not experimental evidence",Primary-source passage and metadata checked for this expansion
literature-lynch1995simulations,Forward/backward simulation methods provide a broader relation framework,sections/discussion.tex:30,proofs/literature.md,https://groups.csail.mit.edu/tds/papers/Lynch/IC95.pdf,reference_audit.csv; external_resources.csv,Inspect the cited passage and the disclosed reading scope; no external artifact execution,"Scholarly comparison, not experimental evidence",Primary-source passage and metadata checked for this expansion
literature-necula1997pcc,Producer-supplied evidence and a small consumer-side checker are established,sections/discussion.tex:35,proofs/literature.md,https://people.eecs.berkeley.edu/~necula/papers.html,reference_audit.csv; external_resources.csv,Inspect the cited passage and the disclosed reading scope; no external artifact execution,"Scholarly comparison, not experimental evidence",Primary-source passage and metadata checked for this expansion
literature-pnueli1998validation,Validate a particular translation rather than all runs of the producer,sections/discussion.tex:35,proofs/literature.md,https://link.springer.com/chapter/10.1007/BFb0054170,reference_audit.csv; external_resources.csv,Inspect the cited passage and the disclosed reading scope; no external artifact execution,"Scholarly comparison, not experimental evidence",Primary-source passage and metadata checked for this expansion
literature-fisler2005margrave,Decision-diagram policy verification and semantic change-impact analysis,sections/discussion.tex:5; sections/discussion.tex:14; sections/introduction.tex:6,proofs/literature.md,https://cs.brown.edu/people/kfisler/Pubs/icse05.pdf,reference_audit.csv; external_resources.csv,Inspect the cited passage and the disclosed reading scope; no external artifact execution,"Scholarly comparison, not experimental evidence",Primary-source passage and metadata checked for this expansion
literature-dougherty2006dynamic,Dynamic-policy reasoning already reduces contextual containment to reachable local environments,sections/discussion.tex:5; sections/discussion.tex:15; sections/introduction.tex:6,proofs/literature.md,https://cs.brown.edu/people/kfisler/Pubs/ijcar06.pdf,reference_audit.csv; external_resources.csv,Inspect the cited passage and the disclosed reading scope; no external artifact execution,"Scholarly comparison, not experimental evidence",Primary-source passage and metadata checked for this expansion
literature-backes2018zelkova,SMT-based semantic comparison is a direct authorization-analysis alternative,sections/discussion.tex:5,proofs/literature.md,https://cdn.amazon.science/56/3c/7d75bca84c56b9b1ed1999beec0c/semantic-based-automated-reasoning-for-aws-access-policies-using-smt.pdf,reference_audit.csv; external_resources.csv,Inspect the cited passage and the disclosed reading scope; no external artifact execution,"Scholarly comparison, not experimental evidence",Primary-source passage and metadata checked for this expansion
literature-bouchet2020public,Trust-safety checking simplifies policy information relative to a specified query,sections/discussion.tex:5,proofs/literature.md,https://doi.org/10.1145/3368089.3409728,reference_audit.csv; external_resources.csv,Inspect the cited passage and the disclosed reading scope; no external artifact execution,"Scholarly comparison, not experimental evidence",Primary-source passage and metadata checked for this expansion
literature-abadi1993access,"Authorization logics assign meanings to principals, roles and delegation",sections/discussion.tex:27,proofs/literature.md,https://www.dcs.ed.ac.uk/home/gdp/publications/Calculus_for_Access_Control.pdf,reference_audit.csv; external_resources.csv,Inspect the cited passage and the disclosed reading scope; no external artifact execution,"Scholarly comparison, not experimental evidence",Primary-source passage and metadata checked for this expansion
literature-becker2009dynpal,Dynamic authorization includes richer policy-changing actions than the fixed-role Boolean fragment,sections/discussion.tex:5; sections/discussion.tex:16,proofs/literature.md,https://www.microsoft.com/en-us/research/wp-content/uploads/2009/07/Moritz-Becker-IEEE-CSF-2009-corrected.pdf,reference_audit.csv; external_resources.csv,Inspect the cited passage and the disclosed reading scope; no external artifact execution,"Scholarly comparison, not experimental evidence",Primary-source passage and metadata checked for this expansion
literature-kozen1997kat,Kleene algebra with tests is an established algebraic foundation,sections/discussion.tex:40,proofs/literature.md,https://www.cs.cornell.edu/~kozen/Papers/kat.pdf,reference_audit.csv; external_resources.csv,Inspect the cited passage and the disclosed reading scope; no external artifact execution,"Scholarly comparison, not experimental evidence",Primary-source passage and metadata checked for this expansion
literature-anderson2014netkat,NetKAT gives semantic and equational foundations for network policies,sections/discussion.tex:40,proofs/literature.md,https://collaborate.princeton.edu/en/publications/netkat-semantic-foundations-for-networks-2/,reference_audit.csv; external_resources.csv,Inspect the cited passage and the disclosed reading scope; no external artifact execution,"Scholarly comparison, not experimental evidence",Primary-source passage and metadata checked for this expansion
literature-foster2015coalgebraic,Coalgebraic derivatives and bisimulation support NetKAT equivalence checking,sections/discussion.tex:40,proofs/literature.md,https://collaborate.princeton.edu/en/publications/a-coalgebraic-decision-procedure-for-netkat-3/,reference_audit.csv; external_resources.csv,Inspect the cited passage and the disclosed reading scope; no external artifact execution,"Scholarly comparison, not experimental evidence",Primary-source passage and metadata checked for this expansion
literature-pous2015symbolic,Symbolic representations address large alphabets and language equivalence,sections/discussion.tex:40,proofs/literature.md,https://perso.ens-lyon.fr/damien.pous/symbolickat/,reference_audit.csv; external_resources.csv,Inspect the cited passage and the disclosed reading scope; no external artifact execution,"Scholarly comparison, not experimental evidence",Primary-source passage and metadata checked for this expansion
literature-smolka2020gkat,Structured guarded programs admit a different tractable equivalence problem,sections/discussion.tex:40,proofs/literature.md,https://doi.org/10.1145/3371129,reference_audit.csv; external_resources.csv,Inspect the cited passage and the disclosed reading scope; no external artifact execution,"Scholarly comparison, not experimental evidence",Primary-source passage and metadata checked for this expansion
literature-bonchi2013congruence,Bisimulation up to congruence can reduce equivalence exploration,sections/discussion.tex:40,proofs/literature.md,https://perso.ens-lyon.fr/damien.pous/hknt/,reference_audit.csv; external_resources.csv,Inspect the cited passage and the disclosed reading scope; no external artifact execution,"Scholarly comparison, not experimental evidence",Primary-source passage and metadata checked for this expansion
literature-cousot1977abstract,Lattice-based abstraction approximates concrete semantics,sections/discussion.tex:42,proofs/literature.md,https://www.di.ens.fr/~cousot/COUSOTpapers/POPL77.shtml,reference_audit.csv; external_resources.csv,Inspect the cited passage and the disclosed reading scope; no external artifact execution,"Scholarly comparison, not experimental evidence",Primary-source passage and metadata checked for this expansion
literature-clarke2000cegar,Spurious abstract counterexamples motivate abstraction refinement,sections/discussion.tex:42,proofs/literature.md,https://link.springer.com/chapter/10.1007/10722167_15,reference_audit.csv; external_resources.csv,Inspect the cited passage and the disclosed reading scope; no external artifact execution,"Scholarly comparison, not experimental evidence",Primary-source passage and metadata checked for this expansion
literature-clarkson2010hyperproperties,Hyperproperties concern sets of traces; observation vocabulary matters,sections/discussion.tex:45,proofs/literature.md,https://www.cs.cornell.edu/fbs/publications/Hyperproperties.pdf,reference_audit.csv; external_resources.csv,Inspect the cited passage and the disclosed reading scope; no external artifact execution,"Scholarly comparison, not experimental evidence",Primary-source passage and metadata checked for this expansion
literature-alpern1985liveness,A finite discrepancy bound is not a general bounded liveness test,sections/discussion.tex:45,proofs/literature.md,https://www.cs.cornell.edu/fbs/publications/DefLiveness.pdf,reference_audit.csv; external_resources.csv,Inspect the cited passage and the disclosed reading scope; no external artifact execution,"Scholarly comparison, not experimental evidence",Primary-source passage and metadata checked for this expansion
literature-fuchs2008attempto,Controlled English can have a specified logical interpretation,sections/discussion.tex:25,proofs/literature.md,https://link.springer.com/chapter/10.1007/978-3-540-85658-0_3,reference_audit.csv; external_resources.csv,Inspect the cited passage and the disclosed reading scope; no external artifact execution,"Scholarly comparison, not experimental evidence",Primary-source passage and metadata checked for this expansion
literature-park2004ucon,Usage control includes ongoing decisions and mutable attributes,sections/discussion.tex:5,proofs/literature.md,https://profsandhu.com/cs5323_s17/UCON-2004.pdf,reference_audit.csv; external_resources.csv,Inspect the cited passage and the disclosed reading scope; no external artifact execution,"Scholarly comparison, not experimental evidence",Primary-source passage and metadata checked for this expansion
literature-moeller2024katch,KATch is a direct modern symbolic NetKAT equivalence comparator,sections/discussion.tex:40,proofs/literature.md,https://arxiv.org/html/2404.04760v1,reference_audit.csv; external_resources.csv,Inspect the cited passage and the disclosed reading scope; no external artifact execution,"Scholarly comparison, not experimental evidence",Primary-source passage and metadata checked for this expansion
literature-harrison1976protection,Rights acquisition safety differs from preservation of a specified policy,sections/discussion.tex:45,proofs/literature.md,https://doi.org/10.1145/360303.360333,reference_audit.csv; external_resources.csv,Inspect the cited passage and the disclosed reading scope; no external artifact execution,"Scholarly comparison, not experimental evidence",Primary-source passage and metadata checked for this expansion
literature-xu2026relational,"Trace-relation changes can insert, delete and transform events, unlike the lockstep equality used here",sections/discussion.tex:18; sections/discussion.tex:32,proofs/literature.md,https://www.cs.princeton.edu/~dpw/papers/rnetkat-popl26.pdf,reference_audit.csv; external_resources.csv,Inspect the cited passage and the disclosed reading scope; no external artifact execution,"Scholarly comparison, not experimental evidence",Primary-source passage and metadata checked for this expansion
tab:closest,"Direct comparison separates prior policy analysis, dynamic authorization and trace-relation transformations from the full-state fixed-reference criterion",Section discussion: tab:closest,proofs/literature.md,Cited primary publications individually mapped in reference_audit.csv,reference_audit.csv,Compare each table row with its identified publication passage,Qualitative literature comparison; not a common-workload benchmark,"All rows checked for observation model, policy-state assumptions and claimed procedure; no performance ranking inferred"
extension-cross-checks,"Five executable derived constructions agree with direct exhaustive finite comparisons across 592 deterministic cases and 25,882 counted semantic operations",Section evaluation: tab:extensions,proofs/semantics.md Sections 11-17,src/extensions.py; src/extension_checks.py; tests/test_core.py,results/extensions.json; results/summary.json,python src/extension_checks.py --output ../extensions.json; python reproduce.py --output ../reproduced --compare results,Deterministic finite cross-check; not a performance benchmark or mechanized proof,"Family counts, verdict agreement, shortest lengths, legal witnesses, fiber classification, one-step projection, and repaired work budgets were regenerated in the current extraction"
initial-diagnostic-boundary,The public diagnostic reports an initial-observation mismatch as a length-zero empty-word witness before scanning transitions.,"Section 8, adversarial repair discussion","Theorem shortest witness, empty-word case; proofs/semantics.md Section 18",src/compiler.py;src/policy.py;tests/test_core.py;src/adversarial_checks.py,results/adversarial.json;results/summary.json,python -m unittest discover -s tests -v; python reproduce.py --output ../reproduced --compare results,Implemented and finite-differentially checked; not proof-assistant extracted,"288 adversarial candidates have length-zero witnesses; checker, product and diagnostic minimum lengths agree in all 1,024 cases"
streamed-family-budget,Derived family routines enforce a streaming cardinality cap and one shared work budget before unbounded Cartesian materialization; exhaustion is inconclusive.,Section 7 implementation boundary and Section 8 adversarial controls,Operational refinement of the finite procedures; proofs/semantics.md Section 18,src/extensions.py;tests/test_core.py;src/adversarial_checks.py,results/adversarial.json,python src/adversarial_checks.py --output ../adversarial.json,Implemented resource boundary; not an asymptotic performance theorem,"Wide 16-alias preflight, infinite duplicate iterator, and zero-budget preparation controls all return inconclusive as specified"
adversarial-cross-checks,"A 1,024-case deterministic all-sort adversarial campaign agrees across checker, complete product, shortest diagnosis, profiles, quotients, projections, and full-state switching, using 244,830 counted operations.","Section 8, adversarial repair campaign",proofs/semantics.md Sections 4-18,src/adversarial_checks.py;src/extensions.py;tests/test_core.py,results/adversarial.json;results/summary.json,python src/adversarial_checks.py --output ../adversarial.json; python reproduce.py --output ../reproduced --compare results,"Deterministic finite adversarial and metamorphic cross-check; not workload sampling, performance evidence, or mechanized proof","1,024 records, 728 different and 296 equivalent; 288 length-zero and 440 positive witnesses; four resource/observation boundary controls pass"
complete-tiny-domain-audit,"A direct source evaluator agrees with the compiler/reference steps and all certificate, product, symbolic, diagnostic, profile, and switching outcomes across 180 source transition functions and all 128 total two-state targets (23,040 pairs; 123,492 comparisons).","Section 8, Complete tiny-domain semantic audit",proofs/semantics.md Section 19 states the audit scope and non-generalization boundary,src/exhaustive_audit.py;tests/test_core.py,results/exhaustive.json;results/summary.json,python src/exhaustive_audit.py --output ../exhaustive.json; python reproduce.py --output ../reproduced --compare results,Complete finite enumeration of the declared tiny family; not enumeration of the full bounded or uncapped language,"984 equivalent and 22,056 different pairs; minimum lengths 0/1/2 occur 11,520/10,176/360 times; all recorded comparisons agree"
reference-integrity,"The manuscript uses 58 distinct scholarly works: 55 DOI records, two arXiv preprints, and one technical report; every BibTeX key is cited and every publication identifier is unique.",References and Section 9,Bibliographic integrity rather than a mathematical theorem,src/reference_check.py;reference_inventory.csv;reference_audit.csv;paper/references.bib;paper/*.tex,results/reference_verification.json;results/reference_verification_project.json,python src/reference_check.py --output ../reference-verification.json; in the complete package add --bib ../paper/references.bib --tex-root ../paper,Metadata and citation-coverage audit; does not claim a new full-paper reread of every source or prove novelty by reference count,"BibTeX, TeX citations, audit rows, locations, access dates, and identifiers agree; the Relational NetKAT page count was corrected to 29"
identifier-control-envelope,Executable identifiers contain one through 256 Unicode scalar values and reject Cc/Cf controls and lone surrogates in both the producer and standalone checker.,"Section 3, Representation envelopes; Section 7, Producer and checker responsibilities",Representation contract rather than a semantic theorem,src/language.py;src/checker.py;tests/test_core.py,results/clean_reproduction.json,python -m unittest discover -s tests -v; python reproduce.py --output ../reproduced --compare results,Executable schema validation and regression tests; not a claim about Unicode confusables or human readability,"DEL, C1, bidi/format controls, and lone surrogates are rejected; ordinary non-ASCII letters and symbols remain accepted."
diagnostic-replay-contract,"Every positive-length diagnostic is replayed from the declared initial states; the complete selected path is present, every proper prefix agrees, and the final cell differs before evidence is returned.","Section 7, Producer and checker responsibilities; Section 8, Reconstruction",Shortest-witness theorem plus executable replay consistency checks,src/compiler.py;tests/test_core.py;src/adversarial_checks.py,results/adversarial.json;results/clean_reproduction.json,python -m unittest discover -s tests -v; python reproduce.py --output ../reproduced --compare results,"Implemented consistency guard and deterministic chain regressions; minimum length is still justified by theorem/product comparison, not replay alone",All fifteen prescribed chain lengths through 128 satisfy exact prefix/final-step replay; adversarial and complete tiny-domain minimum-length comparisons remain unchanged.
release-entry-contract,"The campaign entry supplies a fresh output path and the frozen results baseline, then accepts only materialized 40-chunk, 10,000-record outputs whose scientific fields match under four hash-seed/time-zone configurations. Fresh reproduction does not attest archive extraction.",Artifact-only reproducibility contract; not a manuscript theorem or result,CLI contract regressions and retained historical and current campaign evidence,verify_release.py;reproduce.py;tests/test_release_cli.py; .github/workflows/repository-integrity.yml,results/reproducibility_entry_check.json;results/current,python verify_release.py --campaign,Retained Linux execution; hosted-workflow provenance assessed separately; no whole-source fingerprint claim,"The earlier matrix retains its original scope. Four current Linux configurations retain 56 unit methods, seven documented commands, and 10,000 primary records each with scientific-field agreement; fresh output-directory reconstruction does not attest archive extraction."
