resource,url,license,access_date,type,acquisition,integration,supported_claim,internals_modified
basic_model.conf,https://raw.githubusercontent.com/casbin/casbin/master/examples/basic_model.conf,Apache-2.0,2026-09-11,public model or policy,public rendered source,normalized exact consumed text distributed; source expressions and row order retained,finite public projection,no upstream internals changed; text normalization disclosed
basic_policy.csv,https://raw.githubusercontent.com/casbin/casbin/master/examples/basic_policy.csv,Apache-2.0,2026-09-11,public model or policy,public rendered source,normalized exact consumed text distributed; source expressions and row order retained,finite public projection,no upstream internals changed; text normalization disclosed
rbac_model.conf,https://raw.githubusercontent.com/casbin/casbin/master/examples/rbac_model.conf,Apache-2.0,2026-09-11,public model or policy,public rendered source,normalized exact consumed text distributed; source expressions and row order retained,finite public projection,no upstream internals changed; text normalization disclosed
rbac_policy.csv,https://raw.githubusercontent.com/casbin/casbin/master/examples/rbac_policy.csv,Apache-2.0,2026-09-11,public model or policy,public rendered source,normalized exact consumed text distributed; source expressions and row order retained,finite public projection,no upstream internals changed; text normalization disclosed
rbac_with_deny_model.conf,https://raw.githubusercontent.com/casbin/casbin/master/examples/rbac_with_deny_model.conf,Apache-2.0,2026-09-11,public model or policy,public rendered source,normalized exact consumed text distributed; source expressions and row order retained,finite public projection,no upstream internals changed; text normalization disclosed
rbac_with_deny_policy.csv,https://raw.githubusercontent.com/casbin/casbin/master/examples/rbac_with_deny_policy.csv,Apache-2.0,2026-09-11,public model or policy,public rendered source,normalized exact consumed text distributed; source expressions and row order retained,finite public projection,no upstream internals changed; text normalization disclosed
rbac_with_domains_model.conf,https://raw.githubusercontent.com/casbin/casbin/master/examples/rbac_with_domains_model.conf,Apache-2.0,2026-09-11,public model or policy,public rendered source,normalized exact consumed text distributed; source expressions and row order retained,finite public projection,no upstream internals changed; text normalization disclosed
rbac_with_domains_policy.csv,https://raw.githubusercontent.com/casbin/casbin/master/examples/rbac_with_domains_policy.csv,Apache-2.0,2026-09-11,public model or policy,public rendered source,normalized exact consumed text distributed; source expressions and row order retained,finite public projection,no upstream internals changed; text normalization disclosed
rbac_with_resource_roles_model.conf,https://raw.githubusercontent.com/casbin/casbin/master/examples/rbac_with_resource_roles_model.conf,Apache-2.0,2026-09-11,public model or policy,public rendered source,normalized exact consumed text distributed; source expressions and row order retained,finite public projection,no upstream internals changed; text normalization disclosed
rbac_with_resource_roles_policy.csv,https://raw.githubusercontent.com/casbin/casbin/master/examples/rbac_with_resource_roles_policy.csv,Apache-2.0,2026-09-11,public model or policy,public rendered source,normalized exact consumed text distributed; source expressions and row order retained,finite public projection,no upstream internals changed; text normalization disclosed
priority_model.conf,https://raw.githubusercontent.com/casbin/casbin/master/examples/priority_model.conf,Apache-2.0,2026-09-11,public model or policy,public rendered source,normalized exact consumed text distributed; source expressions and row order retained,finite public projection,no upstream internals changed; text normalization disclosed
priority_policy.csv,https://raw.githubusercontent.com/casbin/casbin/master/examples/priority_policy.csv,Apache-2.0,2026-09-11,public model or policy,public rendered source,normalized exact consumed text distributed; source expressions and row order retained,finite public projection,no upstream internals changed; text normalization disclosed
forty source assertions,https://raw.githubusercontent.com/casbin/casbin/master/model_test.go,Apache-2.0,2026-09-11,public test data,public rendered source,forty initial-state assertions converted to JSON; named functions in selection.json,bounded independent adapter checks,no upstream internals changed; data conversion only
ACM journal template,https://www.acm.org/publications/authors/submissions,Publisher license supplied in paper/LICENSE,2026-09-16,publisher class and bibliography style,matched user-supplied template bundle; designated live endpoint returned HTTP 403 during final recheck,official files retained unchanged; external-use template status held pending an accessible live check,acmsmall internal manuscript carrier,no
When Prompt Engineering Meets Software Engineering: {CNL-P} as Natural and Robust ``{APIs}'' for Human-{AI} Interaction,https://arxiv.org/abs/2508.06942,Citation only; scholarly full text not redistributed,2026-09-11,Scholarly publication,Read-only publisher or author-hosted copy: https://arxiv.org/abs/2508.06942,Claim-specific comparison,Manuscript citations to xing2025cnlp; proofs/literature.md,No
Enforcing Stateful Authorization and Information Flow Policies in {FINE},https://www.microsoft.com/en-us/research/wp-content/uploads/2016/02/paper-78.pdf,Citation only; scholarly full text not redistributed,2026-09-11,Scholarly publication,Read-only publisher or author-hosted copy: https://www.microsoft.com/en-us/research/wp-content/uploads/2016/02/paper-78.pdf,Claim-specific comparison,Manuscript citations to swamy2010fine; proofs/literature.md,No
"{Cedar}: A New Language for Expressive, Fast, Safe, and Analyzable Authorization",https://doi.org/10.1145/3649835,Citation only; scholarly full text not redistributed,2026-09-11,Scholarly publication,Read-only publisher or author-hosted copy: https://arxiv.org/abs/2403.04651,Published article cited; extended preprint not counted separately,"Typed, side-effect-free authorization and symbolic analysis; reference_audit.csv",No
Model Checking Linearizability via Refinement,https://www.comp.nus.edu.sg/~pat/publications/linearizability.pdf,Citation only; scholarly full text not redistributed,2026-09-11,Scholarly publication,Read-only publisher or author-hosted copy: https://www.comp.nus.edu.sg/~pat/publications/linearizability.pdf,Claim-specific comparison,Manuscript citations to liu2009linearizability; proofs/literature.md,No
Combinators for Bidirectional Tree Transformations: A Linguistic Approach to the View-Update Problem,https://www.cis.upenn.edu/~bcpierce/papers/lenses-toplas-final.pdf,Citation only; scholarly full text not redistributed,2026-09-11,Scholarly publication,Read-only publisher or author-hosted copy: https://www.cis.upenn.edu/~bcpierce/papers/lenses-toplas-final.pdf,Claim-specific comparison,Manuscript citations to foster2007lenses; proofs/literature.md,No
Refinement in State-Based Formalisms,https://lamport.azurewebsites.net/pubs/refinement.pdf,Citation only; scholarly full text not redistributed,2026-09-11,Scholarly publication,Read-only publisher or author-hosted copy: https://lamport.azurewebsites.net/pubs/refinement.pdf,Claim-specific comparison,Manuscript citations to lamport1996refinement; proofs/literature.md,No
A Formally Verified Compiler Back-End,https://doi.org/10.1007/s10817-009-9155-4,Citation only; scholarly full text not redistributed,2026-09-11,Scholarly publication,Read-only publisher or author-hosted copy: https://xavierleroy.org/publi/compcert-backend.pdf,Claim-specific comparison,Manuscript citations to leroy2009backend; proofs/literature.md,No
Propositional Independence: Formula-Variable Independence and Forgetting,https://arxiv.org/abs/1106.4578,Citation only; scholarly full text not redistributed,2026-09-11,Scholarly publication,Read-only publisher or author-hosted copy: https://arxiv.org/abs/1106.4578,Claim-specific comparison,Manuscript citations to lang2003independence; proofs/literature.md,No
Graph-Based Algorithms for Boolean Function Manipulation,https://www.cs.cmu.edu/~bryant/pubdir/ieeetc86.pdf,Citation only; scholarly full text not redistributed,2026-09-11,Scholarly publication,Read-only publisher or author-hosted copy: https://www.cs.cmu.edu/~bryant/pubdir/ieeetc86.pdf,Claim-specific comparison,Manuscript citations to bryant1986graphs; proofs/literature.md,No
{AutoCedar}: An Agentic Framework for Verifier-Guided Access Control Policy Synthesis,https://arxiv.org/abs/2607.03656,Citation only; scholarly full text not redistributed,2026-09-11,Scholarly publication,Read-only publisher or author-hosted copy: https://arxiv.org/abs/2607.03656,Claim-specific comparison,Manuscript citations to vatsa2026autocedar; proofs/literature.md,No
A Type Discipline for Authorization Policies,https://doi.org/10.1145/1275497.1275500,Citation only; scholarly full text not redistributed,2026-09-11,Scholarly publication,Read-only publisher or author-hosted copy: https://people.mpi-sws.org/~dg/teaching/lis2014/modules/refinement-1-fournet07.pdf,Claim-specific comparison,Manuscript citations to fournet2007authorization; proofs/literature.md,No
Refinement Types for Secure Implementations,https://doi.org/10.1145/1890028.1890031,Citation only; scholarly full text not redistributed,2026-09-11,Scholarly publication,Read-only publisher or author-hosted copy: https://andrewdgordon.github.io/papers/refinement-types-for-secure-implementations.pdf,Claim-specific comparison,Manuscript citations to bengtson2008refinement; proofs/literature.md,No
The Temporal Logic of Actions,https://lamport.azurewebsites.net/pubs/lamport-actions.pdf,Citation only; scholarly full text not redistributed,2026-09-11,Scholarly publication,Read-only publisher or author-hosted copy: https://lamport.azurewebsites.net/pubs/lamport-actions.pdf,Claim-specific comparison,Manuscript citations to lamport1994tla; proofs/literature.md,No
Model Checking and Abstraction,https://www.cs.cmu.edu/~emc/papers/Papers%20In%20Refereed%20Journals/Model%20Checking%20and%20Abstraction94.pdf,Citation only; scholarly full text not redistributed,2026-09-11,Scholarly publication,Read-only publisher or author-hosted copy: https://www.cs.cmu.edu/~emc/papers/Papers%20In%20Refereed%20Journals/Model%20Checking%20and%20Abstraction94.pdf,Claim-specific comparison,Manuscript citations to clarke1994abstraction; proofs/literature.md,No
The Trace Partitioning Abstract Domain,https://www.di.ens.fr/~rival/papers/toplas07.pdf,Citation only; scholarly full text not redistributed,2026-09-11,Scholarly publication,Read-only publisher or author-hosted copy: https://www.di.ens.fr/~rival/papers/toplas07.pdf,Claim-specific comparison,Manuscript citations to rival2007partitioning; proofs/literature.md,No
Translation Validation for an Optimizing Compiler,https://people.eecs.berkeley.edu/~necula/Papers/tv_pldi00.pdf,Citation only; scholarly full text not redistributed,2026-09-11,Scholarly publication,Read-only publisher or author-hosted copy: https://people.eecs.berkeley.edu/~necula/Papers/tv_pldi00.pdf,Claim-specific comparison,Manuscript citations to necula2000validation; proofs/literature.md,No
Enforceable Security Policies,https://www.cs.cornell.edu/fbs/publications/EnfSecPols.pdf,Citation only; scholarly full text not redistributed,2026-09-11,Scholarly publication,Read-only publisher or author-hosted copy: https://www.cs.cornell.edu/fbs/publications/EnfSecPols.pdf,Claim-specific comparison,Manuscript citations to schneider2000enforceable; proofs/literature.md,No
Computability Classes for Enforcement Mechanisms,https://www.cs.cornell.edu/fbs/publications/EnfClasses.pdf,Citation only; scholarly full text not redistributed,2026-09-11,Scholarly publication,Read-only publisher or author-hosted copy: https://www.cs.cornell.edu/fbs/publications/EnfClasses.pdf,Claim-specific comparison,Manuscript citations to hamlen2006enforcement; proofs/literature.md,No
Certificate Translation for Optimizing Compilers,https://doi.org/10.1145/1538917.1538919,Citation only; scholarly full text not redistributed,2026-09-11,Scholarly publication,Read-only publisher or author-hosted copy: https://www-sop.inria.fr/members/Benjamin.Gregoire/Publi/toplas08.pdf,Claim-specific comparison,Manuscript citations to barthe2009translation; proofs/literature.md,No
An Abstract Model of Certificate Translation,https://doi.org/10.1145/1985342.1985344,Citation only; scholarly full text not redistributed,2026-09-11,Scholarly publication,Read-only publisher or author-hosted copy: https://software.imdea.org/~ckunz/toplas2.pdf,Claim-specific comparison,Manuscript citations to barthe2011abstract; proofs/literature.md,No
A Tail-Recursive Machine with Stack Inspection,https://doi.org/10.1145/1034774.1034778,Citation only; scholarly full text not redistributed,2026-09-11,Scholarly publication,Read-only publisher or author-hosted copy: https://www.brinckerhoff.org/clements/papers/cf-toplas04.pdf,Claim-specific comparison,Manuscript citations to clements2004stack; proofs/literature.md,No
Prophecy Made Simple,https://doi.org/10.1145/3492545,Citation only; scholarly full text not redistributed,2026-09-11,Scholarly publication,Read-only publisher or author-hosted copy: https://lamport.azurewebsites.net/pubs/simple.pdf,Claim-specific comparison,Manuscript citations to lamport2022prophecy; proofs/literature.md,No
"Locally Abstract, Globally Concrete Semantics of Concurrent Programming Languages",https://doi.org/10.1145/3648439,Citation only; scholarly full text not redistributed,2026-09-11,Scholarly publication,Read-only publisher or author-hosted copy: https://ebjohnsen.org/publication/24-toplas1/24-toplas1.pdf,Claim-specific comparison,Selected journal calibration only; literature_comparison.csv; not cited in the current manuscript,No
Invertible Syntax Descriptions: Unifying Parsing and Pretty Printing,https://doi.org/10.1145/1863523.1863525,Citation only; scholarly full text not redistributed,2026-09-11,Scholarly publication,Read-only publisher or author-hosted copy: https://www.informatik.uni-marburg.de/~rendel/unparse/rendel10invertible.pdf,Claim-specific comparison,Manuscript citations to rendel2010invertible; proofs/literature.md,No
A Survey and Classification of Controlled Natural Languages,https://doi.org/10.1162/COLI_a_00168,Citation only; scholarly full text not redistributed,2026-09-11,Scholarly publication,Read-only publisher or author-hosted copy: https://aclanthology.org/J14-1005.pdf,Claim-specific comparison,Manuscript citations to kuhn2014survey; proofs/literature.md,No
Interprocedural Slicing Using Dependence Graphs,https://doi.org/10.1145/77606.77608,Citation only; scholarly full text not redistributed,2026-09-11,Scholarly publication,Read-only publisher or author-hosted copy: https://www.csa.iisc.ac.in/~raghavan/CleanedPav2011/horwitz-sdg-slicing-1990.pdf,Claim-specific comparison,Manuscript citations to horwitz1990slicing; proofs/literature.md,No
Validating {LR(1)} Parsers,https://doi.org/10.1007/978-3-642-28869-2_20,Citation only; scholarly full text not redistributed,2026-09-11,Scholarly publication,Read-only publisher or author-hosted copy: https://xavierleroy.org/publi/validated-parser.pdf,Claim-specific comparison,Manuscript citations to jourdan2012parsers; proofs/literature.md,No
Formal Verification of Translation Validators: A Case Study on Instruction Scheduling Optimizations,https://jtristan.github.io/papers/popl08.pdf,Citation only; scholarly full text not redistributed,2026-09-11,Scholarly publication,Read-only publisher or author-hosted copy: https://jtristan.github.io/papers/popl08.pdf,Claim-specific comparison,Manuscript citations to tristan2008validators; proofs/literature.md,No
A Formally Verified Compiler for {Lustre},https://doi.org/10.1145/3062341.3062358,Citation only; scholarly full text not redistributed,2026-09-11,Scholarly publication,Read-only publisher or author-hosted copy: https://xavierleroy.org/publi/velus-pldi17.pdf,Claim-specific comparison,Manuscript citations to bourke2017lustre; proofs/literature.md,No
{Leapfrog}: Certified Equivalence for Protocol Parsers,https://doi.org/10.1145/3519939.3523715,Citation only; scholarly full text not redistributed,2026-09-11,Scholarly publication,Read-only publisher or author-hosted copy: https://arxiv.org/pdf/2205.08762,Claim-specific comparison,Manuscript citations to doenges2022leapfrog; proofs/literature.md,No
Symbolic Model Checking of Software Product Lines,https://doi.org/10.1145/1985793.1985838,Citation only; scholarly full text not redistributed,2026-09-11,Scholarly publication,Read-only publisher or author-hosted copy: https://doi.org/10.1145/1985793.1985838,Claim-specific comparison,Manuscript citations to classen2011symbolic; proofs/literature.md,No
An Extended Account of Trace-Relating Compiler Correctness and Secure Compilation,https://doi.org/10.1145/3460860,Citation only; scholarly full text not redistributed,2026-09-11,Scholarly publication,Read-only publisher or author-hosted copy: https://squera.github.io/pdf/main-j.pdf,Claim-specific comparison,Manuscript citations to abate2021traces; proofs/literature.md,No
Universal Composability Is Robust Compilation,https://doi.org/10.1145/3698234,Citation only; scholarly full text not redistributed,2026-09-11,Scholarly publication,Read-only publisher or author-hosted copy: https://squera.github.io/pdf/uc-is-sc-j.pdf,Claim-specific comparison,Manuscript citations to patrignani2024uc; proofs/literature.md,No
Focusing on Refinement Typing,https://doi.org/10.1145/3610408,Citation only; scholarly full text not redistributed,2026-09-11,Scholarly publication,Read-only publisher or author-hosted copy: https://arxiv.org/pdf/2209.13000,Claim-specific comparison,Selected journal calibration only; literature_comparison.csv; not cited in the current manuscript,No
Keeping Track of Capabilities,https://doi.org/10.1145/3618003,Citation only; scholarly full text not redistributed,2026-09-11,Scholarly publication,Read-only publisher or author-hosted copy: https://abgru.me/publication/capturing-types/capturing-types.pdf,Claim-specific comparison,Selected journal calibration only; literature_comparison.csv; not cited in the current manuscript,No
Gradual {C0}: Symbolic Execution for Gradual Verification,https://doi.org/10.1145/3704808,Citation only; scholarly full text not redistributed,2026-09-11,Scholarly publication,Read-only publisher or author-hosted copy: https://jennalwise.github.io/assets/pdf/divincenzo2024gradualc0.pdf,Claim-specific comparison,Selected journal calibration only; literature_comparison.csv; not cited in the current manuscript,No
Will It Fit? Verifying Heap Space Bounds of Concurrent Programs under Garbage Collection,https://doi.org/10.1145/3716312,Citation only; scholarly full text not redistributed,2026-09-11,Scholarly publication,Read-only publisher or author-hosted copy: https://iris-project.org/pdfs/2025-toplas-willitfit.pdf,Claim-specific comparison,Selected journal calibration only; literature_comparison.csv; not cited in the current manuscript,No
Formally Verified Cloud-Scale Authorization,https://cdn.amazon.science/bb/40/22ac44f84f6d8eb625ac9666a00f/formally-verified-cloud-scale-authorization.pdf,Citation only; scholarly full text not redistributed,2026-09-11,Scholarly publication,Read-only publisher or author-hosted copy: https://cdn.amazon.science/bb/40/22ac44f84f6d8eb625ac9666a00f/formally-verified-cloud-scale-authorization.pdf,Claim-specific comparison,Manuscript citations to chakarov2025cloud; proofs/literature.md,No
The Existence of Refinement Mappings,https://doi.org/10.1016/0304-3975(91)90224-P,Respective author/publisher rights; full text not redistributed,2026-09-11,scholarly publication,Read-only primary publication or author copy; exact reading scope in reference_audit.csv,Citation and original comparison only; no external code or scholarly PDF included,State mappings and auxiliary variables are established refinement techniques,No
Forward and Backward Simulations. Part {I}: Untimed Systems,https://doi.org/10.1006/inco.1995.1134,Respective author/publisher rights; full text not redistributed,2026-09-11,scholarly publication,Read-only primary publication or author copy; exact reading scope in reference_audit.csv,Citation and original comparison only; no external code or scholarly PDF included,Forward/backward simulation methods provide a broader relation framework,No
Proof-Carrying Code,https://doi.org/10.1145/263699.263712,Respective author/publisher rights; full text not redistributed,2026-09-11,scholarly publication,Read-only primary publication or author copy; exact reading scope in reference_audit.csv,Citation and original comparison only; no external code or scholarly PDF included,Producer-supplied evidence and a small consumer-side checker are established,No
Translation Validation,https://doi.org/10.1007/BFb0054170,Respective author/publisher rights; full text not redistributed,2026-09-11,scholarly publication,Read-only primary publication or author copy; exact reading scope in reference_audit.csv,Citation and original comparison only; no external code or scholarly PDF included,Validate a particular translation rather than all runs of the producer,No
Verification and Change-Impact Analysis of Access-Control Policies,https://doi.org/10.1145/1062455.1062502,Respective author/publisher rights; full text not redistributed,2026-09-11,scholarly publication,Read-only primary publication or author copy; exact reading scope in reference_audit.csv,Citation and original comparison only; no external code or scholarly PDF included,Decision-diagram policy verification and semantic change-impact analysis,No
Specifying and Reasoning about Dynamic Access-Control Policies,https://doi.org/10.1007/11814771_51,Respective author/publisher rights; full text not redistributed,2026-09-11,scholarly publication,Read-only primary publication or author copy; exact reading scope in reference_audit.csv,Citation and original comparison only; no external code or scholarly PDF included,Dynamic-policy reasoning already reduces contextual containment to reachable local environments,No
Semantic-based Automated Reasoning for {AWS} Access Policies using {SMT},https://cdn.amazon.science/56/3c/7d75bca84c56b9b1ed1999beec0c/semantic-based-automated-reasoning-for-aws-access-policies-using-smt.pdf,Respective author/publisher rights; full text not redistributed,2026-09-11,scholarly publication,Read-only primary publication or author copy; exact reading scope in reference_audit.csv,Citation and original comparison only; no external code or scholarly PDF included,SMT-based semantic comparison is a direct authorization-analysis alternative,No
Block Public Access: Trust Safety Verification of Access Control Policies,https://doi.org/10.1145/3368089.3409728,Respective author/publisher rights; full text not redistributed,2026-09-11,scholarly publication,Read-only primary publication or author copy; exact reading scope in reference_audit.csv,Citation and original comparison only; no external code or scholarly PDF included,Trust-safety checking simplifies policy information relative to a specified query,No
A Calculus for Access Control in Distributed Systems,https://doi.org/10.1145/155183.155225,Respective author/publisher rights; full text not redistributed,2026-09-11,scholarly publication,Read-only primary publication or author copy; exact reading scope in reference_audit.csv,Citation and original comparison only; no external code or scholarly PDF included,"Authorization logics assign meanings to principals, roles and delegation",No
Specification and Analysis of Dynamic Authorisation Policies,https://doi.org/10.1109/CSF.2009.14,Respective author/publisher rights; full text not redistributed,2026-09-11,scholarly publication,Read-only primary publication or author copy; exact reading scope in reference_audit.csv,Citation and original comparison only; no external code or scholarly PDF included,Dynamic authorization includes richer policy-changing actions than the fixed-role Boolean fragment,No
Kleene Algebra with Tests,https://doi.org/10.1145/256167.256195,Respective author/publisher rights; full text not redistributed,2026-09-11,scholarly publication,Read-only primary publication or author copy; exact reading scope in reference_audit.csv,Citation and original comparison only; no external code or scholarly PDF included,Kleene algebra with tests is an established algebraic foundation,No
{NetKAT}: Semantic Foundations for Networks,https://doi.org/10.1145/2535838.2535862,Respective author/publisher rights; full text not redistributed,2026-09-11,scholarly publication,Read-only primary publication or author copy; exact reading scope in reference_audit.csv,Citation and original comparison only; no external code or scholarly PDF included,NetKAT gives semantic and equational foundations for network policies,No
A Coalgebraic Decision Procedure for {NetKAT},https://doi.org/10.1145/2676726.2677011,Respective author/publisher rights; full text not redistributed,2026-09-11,scholarly publication,Read-only primary publication or author copy; exact reading scope in reference_audit.csv,Citation and original comparison only; no external code or scholarly PDF included,Coalgebraic derivatives and bisimulation support NetKAT equivalence checking,No
Symbolic Algorithms for Language Equivalence and {Kleene} Algebra with Tests,https://doi.org/10.1145/2676726.2677007,Respective author/publisher rights; full text not redistributed,2026-09-11,scholarly publication,Read-only primary publication or author copy; exact reading scope in reference_audit.csv,Citation and original comparison only; no external code or scholarly PDF included,Symbolic representations address large alphabets and language equivalence,No
Guarded {Kleene} Algebra with Tests: Verification of Uninterpreted Programs in Nearly Linear Time,https://doi.org/10.1145/3371129,Respective author/publisher rights; full text not redistributed,2026-09-11,scholarly publication,Read-only primary publication or author copy; exact reading scope in reference_audit.csv,Citation and original comparison only; no external code or scholarly PDF included,Structured guarded programs admit a different tractable equivalence problem,No
Checking {NFA} Equivalence with Bisimulations up to Congruence,https://doi.org/10.1145/2429069.2429124,Respective author/publisher rights; full text not redistributed,2026-09-11,scholarly publication,Read-only primary publication or author copy; exact reading scope in reference_audit.csv,Citation and original comparison only; no external code or scholarly PDF included,Bisimulation up to congruence can reduce equivalence exploration,No
Abstract Interpretation: A Unified Lattice Model for Static Analysis of Programs by Construction or Approximation of Fixpoints,https://doi.org/10.1145/512950.512973,Respective author/publisher rights; full text not redistributed,2026-09-11,scholarly publication,Read-only primary publication or author copy; exact reading scope in reference_audit.csv,Citation and original comparison only; no external code or scholarly PDF included,Lattice-based abstraction approximates concrete semantics,No
Counterexample-Guided Abstraction Refinement,https://doi.org/10.1007/10722167_15,Respective author/publisher rights; full text not redistributed,2026-09-11,scholarly publication,Read-only primary publication or author copy; exact reading scope in reference_audit.csv,Citation and original comparison only; no external code or scholarly PDF included,Spurious abstract counterexamples motivate abstraction refinement,No
Hyperproperties,https://doi.org/10.3233/JCS-2009-0393,Respective author/publisher rights; full text not redistributed,2026-09-11,scholarly publication,Read-only primary publication or author copy; exact reading scope in reference_audit.csv,Citation and original comparison only; no external code or scholarly PDF included,Hyperproperties concern sets of traces; observation vocabulary matters,No
Defining Liveness,https://doi.org/10.1016/0020-0190(85)90056-0,Respective author/publisher rights; full text not redistributed,2026-09-11,scholarly publication,Read-only primary publication or author copy; exact reading scope in reference_audit.csv,Citation and original comparison only; no external code or scholarly PDF included,A finite discrepancy bound is not a general bounded liveness test,No
Attempto Controlled {English} for Knowledge Representation,https://doi.org/10.1007/978-3-540-85658-0_3,Respective author/publisher rights; full text not redistributed,2026-09-11,scholarly publication,Read-only primary publication or author copy; exact reading scope in reference_audit.csv,Citation and original comparison only; no external code or scholarly PDF included,Controlled English can have a specified logical interpretation,No
The {UCON$_{ABC}$} Usage Control Model,https://doi.org/10.1145/984334.984339,Respective author/publisher rights; full text not redistributed,2026-09-11,scholarly publication,Read-only primary publication or author copy; exact reading scope in reference_audit.csv,Citation and original comparison only; no external code or scholarly PDF included,Usage control includes ongoing decisions and mutable attributes,No
{KATch}: A Fast Symbolic Verifier for {NetKAT},https://doi.org/10.1145/3656454,Respective author/publisher rights; full text not redistributed,2026-09-11,scholarly publication,Read-only primary publication or author copy; exact reading scope in reference_audit.csv,Citation and original comparison only; no external code or scholarly PDF included,KATch is a direct modern symbolic NetKAT equivalence comparator,No
Protection in Operating Systems,https://doi.org/10.1145/360303.360333,Respective author/publisher rights; full text not redistributed,2026-09-11,scholarly publication,Read-only primary publication or author copy; exact reading scope in reference_audit.csv,Citation and original comparison only; no external code or scholarly PDF included,Rights acquisition safety differs from preservation of a specified policy,No
Network Change Validation with Relational {NetKAT},https://doi.org/10.1145/3776656,Respective author/publisher rights; full text not redistributed,2026-09-11,scholarly publication,Read-only primary publication or author copy; exact reading scope in reference_audit.csv,Citation and original comparison only; no external code or scholarly PDF included,"Trace-relation changes can insert, delete and transform events, unlike the lockstep equality used here",No
TOPLAS author guidelines,https://dl.acm.org/journal/toplas/author-guidelines,Official publisher guidance; not redistributed,2026-09-16,venue rule,read-only live endpoint returned HTTP 403 during final recheck,SUBMISSION_POLICY_HOLD; internal venue calibration only,external-use rule and page-contract status,No
ACM small-journal review-format guidance,https://www.overleaf.com/latex/templates/association-for-computing-machinery-acm-small-standard-format-template/sksvmbxyfhnw,Official ACM sample; citation/access record only,2026-09-16,official publisher template guidance,read-only official template page; no account or submission action,not integrated; used only to identify a live review-format conflict,TOPLAS is listed among small-trim journals and the general review instruction calls for manuscript output; journal-specific verification remains held,no
