citation_key,sample,title,primary_or_author_copy,motivating_problem,principle,argument,practice_link,story_sequence,figure_table_role,distinction,reading_scope,artifact_assessment
foster2007lenses,same-journal method comparison,Combinators for Bidirectional Tree Transformations: A Linguistic Approach to the View-Update Problem,https://www.cis.upenn.edu/~bcpierce/papers/lenses-toplas-final.pdf,Bidirectional view updates,Well-behaved lenses and round-trip laws,Equational laws and combinators,View-update examples,Laws -> combinators -> examples,Laws and transformations,"Our reification reconstructs behavior, not the original syntax or an updateable view.","Full main-paper comparison: definitions, stated guarantees, proof architecture, evidence and boundaries; not line-by-line verification of all appendices",As described in the paper; external artifact not rerun
fournet2007authorization,same-journal method comparison,A Type Discipline for Authorization Policies,https://people.mpi-sws.org/~dg/teaching/lis2014/modules/refinement-1-fournet07.pdf,Authorization across communicating components,A type discipline for authentication,Typing and authorization correspondence,Protocol examples,Language -> types -> correspondence,Typing rules and examples,Our finite guard/effect checker does not verify cryptographic or distributed authorization.,"Full main-paper comparison: definitions, stated guarantees, proof architecture, evidence and boundaries; not line-by-line verification of all appendices",As described in the paper; external artifact not rerun
bengtson2008refinement,same-journal method comparison,Refinement Types for Secure Implementations,https://andrewdgordon.github.io/papers/refinement-types-for-secure-implementations.pdf,Secure implementations with executable code,Refinement types for security assertions,Type soundness and implementation examples,Typed security code,Calculus -> types -> security examples,Rules and examples,Our state observation supplies a functional relation rather than refinement-type inference.,"Full main-paper comparison: definitions, stated guarantees, proof architecture, evidence and boundaries; not line-by-line verification of all appendices",As described in the paper; external artifact not rerun
lamport1994tla,same-journal method comparison,The Temporal Logic of Actions,https://lamport.azurewebsites.net/pubs/lamport-actions.pdf,Reasoning about concurrent behavior,Actions and refinement,Logic and mathematical refinement arguments,Specification examples,Behavior -> operators -> proofs,Action formulas,A functional refinement relation is established prior art; our contribution is the binding-wise local criterion.,"Full main-paper comparison: definitions, stated guarantees, proof architecture, evidence and boundaries; not line-by-line verification of all appendices",As described in the paper; external artifact not rerun
clarke1994abstraction,same-journal method comparison,Model Checking and Abstraction,https://www.cs.cmu.edu/~emc/papers/Papers%20In%20Refereed%20Journals/Model%20Checking%20and%20Abstraction94.pdf,State explosion in model checking,Property-preserving abstraction,Preservation theorems,Finite-model examples,Models -> abstraction -> guarantees,Abstraction constructions,Our projection is an exact step-commuting restriction with explicit guard and update dependencies.,"Full main-paper comparison: definitions, stated guarantees, proof architecture, evidence and boundaries; not line-by-line verification of all appendices",As described in the paper; external artifact not rerun
rival2007partitioning,same-journal method comparison,The Trace Partitioning Abstract Domain,https://www.di.ens.fr/~rival/papers/toplas07.pdf,Precision lost by merging executions,Trace-partitioning abstract domains,Abstract-interpretation construction,Static-analysis examples,Domain -> operations -> implementation,Partition illustrations,Our complete post-state interface differs from retaining selected analysis histories.,"Full main-paper comparison: definitions, stated guarantees, proof architecture, evidence and boundaries; not line-by-line verification of all appendices",As described in the paper; external artifact not rerun
hamlen2006enforcement,same-journal method comparison,Computability Classes for Enforcement Mechanisms,https://www.cs.cornell.edu/fbs/publications/EnfClasses.pdf,Limits of security enforcement mechanisms,Computability classes of enforcement,Expressiveness and separation arguments,Monitoring and rewriting models,Mechanisms -> classes -> comparisons,Mechanism relationships,Trace equivalence of descriptions is not a theorem that all application operations are mediated.,"Full main-paper comparison: definitions, stated guarantees, proof architecture, evidence and boundaries; not line-by-line verification of all appendices",As described in the paper; external artifact not rerun
barthe2009translation,same-journal method comparison,Certificate Translation for Optimizing Compilers,https://www-sop.inria.fr/members/Benjamin.Gregoire/Publi/toplas08.pdf,Certificates invalidated by optimization,Translation of correctness certificates,Program-logic reasoning for transformations,Optimizing compiler settings,Certificate problem -> translations -> proofs,Proof transformations,"Our certificate is a checked state region, not a transported Hoare-logic proof.","Full main-paper comparison: definitions, stated guarantees, proof architecture, evidence and boundaries; not line-by-line verification of all appendices",As described in the paper; external artifact not rerun
barthe2011abstract,same-journal method comparison,An Abstract Model of Certificate Translation,https://software.imdea.org/~ckunz/toplas2.pdf,Unifying certificate translation methods,An abstract certificate-translation framework,Algebraic and semantic conditions,Transformation instances,Framework -> sufficient conditions -> instances,Abstract constructions,Generic certificate preservation is not claimed new; local reference support is a specific finite instantiation.,"Full main-paper comparison: definitions, stated guarantees, proof architecture, evidence and boundaries; not line-by-line verification of all appendices",As described in the paper; external artifact not rerun
clements2004stack,same-journal method comparison,A Tail-Recursive Machine with Stack Inspection,https://www.brinckerhoff.org/clements/papers/cf-toplas04.pdf,Security stack inspection inhibits tail calls,A tail-recursive security machine,Semantic correspondence,Stack-inspection examples,Problem -> machine -> correspondence,Machine rules,"Our observation is a Boolean policy state, not a permission stack or call history.","Full main-paper comparison: definitions, stated guarantees, proof architecture, evidence and boundaries; not line-by-line verification of all appendices",As described in the paper; external artifact not rerun
lamport2022prophecy,same-journal method comparison,Prophecy Made Simple,https://lamport.azurewebsites.net/pubs/simple.pdf,Refinement mappings needing future information,History and prophecy variables,Refinement arguments and conditions,Specification examples,Obstruction -> auxiliary variables -> proofs,Specifications,Our chosen interface supplies the relation directly and does not eliminate general prophecy obligations.,"Full main-paper comparison: definitions, stated guarantees, proof architecture, evidence and boundaries; not line-by-line verification of all appendices",As described in the paper; external artifact not rerun
din2024lagc,same-journal method comparison,"Locally Abstract, Globally Concrete Semantics of Concurrent Programming Languages",https://ebjohnsen.org/publication/24-toplas1/24-toplas1.pdf,Compositional semantics of concurrency,Local abstraction with global concretization,Trace semantics and language instantiations,Concurrent-language models,Local traces -> composition -> instances,Semantic rules,Our local assignments are not partial traces to concatenate; the complete binding remains fixed.,"Full main-paper comparison: definitions, stated guarantees, proof architecture, evidence and boundaries; not line-by-line verification of all appendices",As described in the paper; external artifact not rerun
odersky2023capabilities,journal high-visibility comparison,Keeping Track of Capabilities,https://abgru.me/publication/capturing-types/capturing-types.pdf,Tracking captured capabilities,Capture sets and types,Metatheory for the calculus,Effect and capability examples,Examples -> calculus -> metatheory,Typing rules,Capability tracking differs from enumerating finite authorization reference interpretations.,"Full main-paper comparison: definitions, stated guarantees, proof architecture, evidence and boundaries; not line-by-line verification of all appendices",As described in the paper; external artifact not rerun
economou2023focusing,journal high-visibility comparison,Focusing on Refinement Typing,https://arxiv.org/pdf/2209.13000,Algorithmic refinement typing,A focused declarative and algorithmic discipline,"Soundness, completeness and decidability",Mergesort and language examples,Declarative system -> soundness -> algorithm,Typing judgments,Our mathematical completeness is separate from a capped executable returning inconclusive.,"Full main-paper comparison: definitions, stated guarantees, proof architecture, evidence and boundaries; not line-by-line verification of all appendices",As described in the paper; external artifact not rerun
patrignani2024uc,journal high-visibility comparison,Universal Composability Is Robust Compilation,https://squera.github.io/pdf/uc-is-sc-j.pdf,Relating compositional security frameworks,Universal composability and robust compilation,Formal correspondence,Security-model examples,Models -> correspondence -> applications,Relation diagrams,"Our result is closed finite trace equality, without adversarial linking or a compositional security theorem.","Full main-paper comparison: definitions, stated guarantees, proof architecture, evidence and boundaries; not line-by-line verification of all appendices",As described in the paper; external artifact not rerun
divincenzo2025gradual,journal high-visibility comparison,Gradual {C0}: Symbolic Execution for Gradual Verification,https://jennalwise.github.io/assets/pdf/divincenzo2024gradualc0.pdf,Incremental verification with partial specifications,Symbolic execution plus residual checks,Implementation evaluation; companion soundness work,Gradual C0 programs,System -> implementation -> evaluation,Rules and performance figures,Our unfinished checks do not become residual runtime enforcement.,"Full main-paper comparison: definitions, stated guarantees, proof architecture, evidence and boundaries; not line-by-line verification of all appendices",As described in the paper; external artifact not rerun
moine2025heap,journal high-visibility comparison,Will It Fit? Verifying Heap Space Bounds of Concurrent Programs under Garbage Collection,https://iris-project.org/pdfs/2025-toplas-willitfit.pdf,Heap bounds with garbage collection,IrisFit separation logic,Mechanized safety and liveness,Sequential and concurrent program examples,Language -> logic -> soundness -> examples,Logic rules and specifications,Our operation counts and process measurements are not allocator or liveness proofs.,"Full main-paper comparison: definitions, stated guarantees, proof architecture, evidence and boundaries; not line-by-line verification of all appendices",As described in the paper; external artifact not rerun
swamy2010fine,adjacent-venue comparison,Enforcing Stateful Authorization and Information Flow Policies in {FINE},https://www.microsoft.com/en-us/research/wp-content/uploads/2016/02/paper-78.pdf,Stateful authorization and information flow,"Dependent, refinement and affine types",Typed language and verification,Stateful security examples,Language -> types -> implementation,Typing and example tables,A stateful authorization language is prior art; the all-binding target-only criterion is the local distinction.,"Full main-paper comparison: definitions, stated guarantees, proof architecture, evidence and boundaries; not line-by-line verification of all appendices",As described in the paper; external artifact not rerun
liu2009linearizability,adjacent-venue comparison,Model Checking Linearizability via Refinement,https://www.comp.nus.edu.sg/~pat/publications/linearizability.pdf,Checking concurrent-object implementations,Trace refinement for linearizability,Refinement procedure and evaluation,Concurrent-object algorithms,Model -> refinement -> checking -> evaluation,Algorithm and experiment tables,The trace-containment bridge is methodological; no concurrent linearizability claim is transferred.,"Full main-paper comparison: definitions, stated guarantees, proof architecture, evidence and boundaries; not line-by-line verification of all appendices",As described in the paper; external artifact not rerun
necula2000validation,adjacent-venue comparison,Translation Validation for an Optimizing Compiler,https://people.eecs.berkeley.edu/~necula/Papers/tv_pldi00.pdf,Checking individual optimizing translations,Translation validation,Simulation-based validation and measurements,Compiler optimization phases,Motivation -> algorithm -> implementation -> evaluation,Validation algorithm and measurements,Our finite checker shares the per-translation idea but uses an explicit source-state observation.,"Full main-paper comparison: definitions, stated guarantees, proof architecture, evidence and boundaries; not line-by-line verification of all appendices",As described in the paper; external artifact not rerun
doenges2022leapfrog,adjacent-venue comparison,{Leapfrog}: Certified Equivalence for Protocol Parsers,https://arxiv.org/pdf/2205.08762,Equivalence of packet-parser implementations,Symbolic bisimulation,Mechanized soundness with trusted solver/plugin boundary,Protocol-parser examples,Automata -> algorithm -> proof -> evaluation,Automata and experiments,Its solver-backed trust boundary and semantics differ; our benchmark does not rank it.,"Full main-paper comparison: definitions, stated guarantees, proof architecture, evidence and boundaries; not line-by-line verification of all appendices",As described in the paper; external artifact not rerun
jourdan2012parsers,adjacent-venue comparison,Validating {LR(1)} Parsers,https://xavierleroy.org/publi/validated-parser.pdf,Trusting generated LR(1) parsers,Validated parsing tables,Mechanized validator correctness,Grammar and parser instances,Automata -> validators -> guarantees,Parser constructions,Our surface parser is tested but not extracted from a mechanized parser proof.,"Full main-paper comparison: definitions, stated guarantees, proof architecture, evidence and boundaries; not line-by-line verification of all appendices",As described in the paper; external artifact not rerun
