key,entry_type,title,authors,year,venue,publication_identifier,doi,arxiv,cited_occurrences,first_citation_file,first_citation_line,first_citation_context,metadata_resolution_status,resolved_title,title_consistent,year_consistent,audit_note
abadi1991mappings,article,The Existence of Refinement Mappings,Mart\'in Abadi and Leslie Lamport,,Theoretical Computer Science,10.1016/0304-3975(91)90224-P,10.1016/0304-3975(91)90224-P,,1,paper/sections/discussion.tex,30,"Refinement mappings~\cite{abadi1991mappings}, simulations~\cite{lynch1995simulations}, state-based refinement~\cite{lamport1996refinement}, and TLA behaviors~\cite{lamport1994tla} provide the general setting. Here the target observation already supplies a lockstep map. The work is therefore not the induction itself, but exact localization over fixed interpretations, earliest-failure distances, and conditions for quotienting or projection. More general proofs may require auxiliary or prophecy state~\cite{lamport2022prophecy}; this checker discovers none. Decision-only observations lose the reconstruction invariant, whereas complete-state uniformity also implies stepwise switching closure.",not-online-checked,,,,Metadata resolution validates identity fields only; relevance and claims are assessed in the manuscript and reference inventory.
abadi1993access,article,A Calculus for Access Control in Distributed Systems,Mart\'in Abadi and Michael Burrows and Butler Lampson and Gordon Plotkin,,ACM Transactions on Programming Languages and Systems,10.1145/155183.155225,10.1145/155183.155225,,1,paper/sections/discussion.tex,27,"Authorization is richer than reference resolution. The access-control calculus formalizes principals and delegation~\cite{abadi1993access}; type disciplines enforce authorization assertions~\cite{fournet2007authorization}, connect refinement types to implementations~\cite{bengtson2008refinement}, and support stateful authorization and information flow in FINE~\cite{swamy2010fine}. Our types only make finite steps meaningful: a well-typed policy may still disagree with its table. Likewise, lenses~\cite{foster2007lenses} and invertible syntax descriptions~\cite{rendel2010invertible} motivate round trips, but our semantic reification recovers an observable quotient, not wording or rule order.",not-online-checked,,,,Metadata resolution validates identity fields only; relevance and claims are assessed in the manuscript and reference inventory.
abate2021traces,article,An Extended Account of Trace-Relating Compiler Correctness and Secure Compilation,Carmine Abate and Roberto Blanco and \c Stefan Ciob\^ac\u a and Adrien Durier and Deepak Garg and C\u at\u alin Hri\c tcu and Marco Patrignani and \'Eric Tanter and J\'er\'emy Thibault,,ACM Transactions on Programming Languages and Systems,10.1145/3460860,10.1145/3460860,,1,paper/sections/discussion.tex,32,Trace-relating compiler correctness permits relations beyond equality~\cite{abate2021traces}; Relational NetKAT compiles user-specified packet-trace relations to transducers~\cite{xu2026relational}. Our traces are equal-length and request indexed through one state map. Linearizability checking handles overlapping operations~\cite{liu2009linearizability}; ours are sequential. Robust compilation quantifies over interacting target contexts~\cite{patrignani2024uc}; ours quantifies over requests and referent choices. These stronger frameworks delimit rather than subsume the operational benefit of the supplied map.,not-online-checked,,,,Metadata resolution validates identity fields only; relevance and claims are assessed in the manuscript and reference inventory.
alpern1985liveness,article,,Bowen Alpern and Fred B. Schneider,,Information Processing Letters,10.1016/0020-0190(85)90056-0,10.1016/0020-0190(85)90056-0,,1,paper/sections/discussion.tex,45,"Rights safety asks whether authority can be acquired~\cite{harrison1976protection}; security automata characterize enforceable safety~\cite{schneider2000enforceable}, and monitoring and rewriting have distinct computability limits~\cite{hamlen2006enforcement}. A passing certificate only equates two supplied transition descriptions. Its finite witness is neither a bounded liveness test~\cite{alpern1985liveness} nor a hyperproperty guarantee~\cite{clarkson2010hyperproperties}. Stack inspection shows that preservation depends on execution representation~\cite{clements2004stack}, while cloud-scale authorization verification requires an engineering link from model to service~\cite{chakarov2025cloud}. Deployment would still need a justified state decoder, serialization point, installation path, and rules for changing entities.",not-online-checked,,,,Metadata resolution validates identity fields only; relevance and claims are assessed in the manuscript and reference inventory.
anderson2014netkat,inproceedings,NetKAT: Semantic Foundations for Networks,Carolyn Jane Anderson and Nate Foster and Arjun Guha and Jean-Baptiste Jeannin and Dexter Kozen and Cole Schlesinger and David Walker,2014,Proceedings of the ACM SIGPLAN-SIGACT Symposium on Principles of Programming Languages,,,,1,paper/sections/discussion.tex,40,"Kleene algebra with tests~\cite{kozen1997kat}, NetKAT~\cite{anderson2014netkat}, derivative-based coalgebraic equivalence~\cite{foster2015coalgebraic}, symbolic large-alphabet algorithms~\cite{pous2015symbolic}, bisimulation up to congruence~\cite{bonchi2013congruence}, and KATch~\cite{moeller2024katch} exploit symbolic sharing beyond syntactic support. Guarded KAT has a nearly linear procedure for a different uninterpreted-program model~\cite{smolka2020gkat}. Reduced decision diagrams likewise share identical subfunctions~\cite{bryant1986graphs}. Our width experiment compares delivered procedures, not these general systems, and its coNP result concerns a different representation and interpretation problem.",not-online-checked,,,,Metadata resolution validates identity fields only; relevance and claims are assessed in the manuscript and reference inventory.
backes2018zelkova,inproceedings,Semantic-based Automated Reasoning for AWS Access Policies using SMT,John Backes and Pauline Bolignano and Byron Cook and Catherine Dodge and Andrew Gacek and Kasper Luckow and Neha Rungta and Oksana Tkachuk and Carsten Varming,,Formal Methods in Computer Aided Design,10.23919/FMCAD.2018.8602994,10.23919/FMCAD.2018.8602994,,1,paper/sections/discussion.tex,5,"Margrave reports semantic permission differences with decision diagrams~\cite{fisler2005margrave}. Dougherty et al. compare judgments in evolving relational environments by contextual containment over accessible states~\cite{dougherty2006dynamic}. DynPAL verifies transactions and invariants over policy databases~\cite{becker2009dynpal}, while UCON models mutable attributes and ongoing usage~\cite{park2004ucon}. Zelkova encodes policy comparison in SMT~\cite{backes2018zelkova}, and Block Public Access derives query-specific residual policies under syntactic trust conditions~\cite{bouchet2020public}. These works establish semantic comparison, reachability, and irrelevance reduction. Our narrower premise is a deterministic target graph whose complete observations supply one source-state map for every unresolved reference interpretation; this premise yields local obligations and binding-wise target-distance diagnoses.",not-online-checked,,,,Metadata resolution validates identity fields only; relevance and claims are assessed in the manuscript and reference inventory.
barthe2009translation,article,Certificate Translation for Optimizing Compilers,Gilles Barthe and Benjamin Gr\'egoire and C\'esar Kunz and Tamara Rezk,,ACM Transactions on Programming Languages and Systems,10.1145/1538917.1538919,10.1145/1538917.1538919,,1,paper/sections/discussion.tex,35,"Proof-carrying code separates evidence production from policy checking~\cite{necula1997pcc}; translation validation checks individual translated results~\cite{pnueli1998validation}, including optimized code~\cite{necula2000validation}. Our certificate is a closed target region, and its checker reconstructs support and evaluates the equations; a short region can still require exponentially many assignments. Certificate translation transports evidence across transformations~\cite{barthe2009translation}, with abstract models separating analyses and obligations~\cite{barthe2011abstract}. By contrast, our source AST remains an independent semantic input.",not-online-checked,,,,Metadata resolution validates identity fields only; relevance and claims are assessed in the manuscript and reference inventory.
barthe2011abstract,article,An Abstract Model of Certificate Translation,Gilles Barthe and C\'esar Kunz,,ACM Transactions on Programming Languages and Systems,10.1145/1985342.1985344,10.1145/1985342.1985344,,1,paper/sections/discussion.tex,35,"Proof-carrying code separates evidence production from policy checking~\cite{necula1997pcc}; translation validation checks individual translated results~\cite{pnueli1998validation}, including optimized code~\cite{necula2000validation}. Our certificate is a closed target region, and its checker reconstructs support and evaluates the equations; a short region can still require exponentially many assignments. Certificate translation transports evidence across transformations~\cite{barthe2009translation}, with abstract models separating analyses and obligations~\cite{barthe2011abstract}. By contrast, our source AST remains an independent semantic input.",not-online-checked,,,,Metadata resolution validates identity fields only; relevance and claims are assessed in the manuscript and reference inventory.
becker2009dynpal,inproceedings,,Moritz Y. Becker,2009,Proceedings of the IEEE Computer Security Foundations Symposium,,,,2,paper/sections/discussion.tex,5,"Margrave reports semantic permission differences with decision diagrams~\cite{fisler2005margrave}. Dougherty et al. compare judgments in evolving relational environments by contextual containment over accessible states~\cite{dougherty2006dynamic}. DynPAL verifies transactions and invariants over policy databases~\cite{becker2009dynpal}, while UCON models mutable attributes and ongoing usage~\cite{park2004ucon}. Zelkova encodes policy comparison in SMT~\cite{backes2018zelkova}, and Block Public Access derives query-specific residual policies under syntactic trust conditions~\cite{bouchet2020public}. These works establish semantic comparison, reachability, and irrelevance reduction. Our narrower premise is a deterministic target graph whose complete observations supply one source-state map for every unresolved reference interpretation; this premise yields local obligations and binding-wise target-distance diagnoses.",not-online-checked,,,,Metadata resolution validates identity fields only; relevance and claims are assessed in the manuscript and reference inventory.
bengtson2008refinement,article,Refinement Types for Secure Implementations,Jesper Bengtson and Karthikeyan Bhargavan and C\'edric Fournet and Andrew D. Gordon and Sergio Maffeis,,ACM Transactions on Programming Languages and Systems,10.1145/1890028.1890031,10.1145/1890028.1890031,,1,paper/sections/discussion.tex,27,"Authorization is richer than reference resolution. The access-control calculus formalizes principals and delegation~\cite{abadi1993access}; type disciplines enforce authorization assertions~\cite{fournet2007authorization}, connect refinement types to implementations~\cite{bengtson2008refinement}, and support stateful authorization and information flow in FINE~\cite{swamy2010fine}. Our types only make finite steps meaningful: a well-typed policy may still disagree with its table. Likewise, lenses~\cite{foster2007lenses} and invertible syntax descriptions~\cite{rendel2010invertible} motivate round trips, but our semantic reification recovers an observable quotient, not wording or rule order.",not-online-checked,,,,Metadata resolution validates identity fields only; relevance and claims are assessed in the manuscript and reference inventory.
bonchi2013congruence,inproceedings,,Filippo Bonchi and Damien Pous,2013,Proceedings of the ACM SIGPLAN-SIGACT Symposium on Principles of Programming Languages,,,,1,paper/sections/discussion.tex,40,"Kleene algebra with tests~\cite{kozen1997kat}, NetKAT~\cite{anderson2014netkat}, derivative-based coalgebraic equivalence~\cite{foster2015coalgebraic}, symbolic large-alphabet algorithms~\cite{pous2015symbolic}, bisimulation up to congruence~\cite{bonchi2013congruence}, and KATch~\cite{moeller2024katch} exploit symbolic sharing beyond syntactic support. Guarded KAT has a nearly linear procedure for a different uninterpreted-program model~\cite{smolka2020gkat}. Reduced decision diagrams likewise share identical subfunctions~\cite{bryant1986graphs}. Our width experiment compares delivered procedures, not these general systems, and its coNP result concerns a different representation and interpretation problem.",not-online-checked,,,,Metadata resolution validates identity fields only; relevance and claims are assessed in the manuscript and reference inventory.
bouchet2020public,inproceedings,Block Public Access: Trust Safety Verification of Access Control Policies,Malik Bouchet and Byron Cook and Bryant Cutler and Anna Druzkina and Andrew Gacek and Liana Hadarean and Ranjit Jhala and Brad Marshall and Dan Peebles and Neha Rungta and Cole Schlesinger and Chriss Stephens and Carsten Varming and Andy Warfield,2020,Proceedings of the ACM Joint European Software Engineering Conference and Symposium on the Foundations of Software Engineering,,,,1,paper/sections/discussion.tex,5,"Margrave reports semantic permission differences with decision diagrams~\cite{fisler2005margrave}. Dougherty et al. compare judgments in evolving relational environments by contextual containment over accessible states~\cite{dougherty2006dynamic}. DynPAL verifies transactions and invariants over policy databases~\cite{becker2009dynpal}, while UCON models mutable attributes and ongoing usage~\cite{park2004ucon}. Zelkova encodes policy comparison in SMT~\cite{backes2018zelkova}, and Block Public Access derives query-specific residual policies under syntactic trust conditions~\cite{bouchet2020public}. These works establish semantic comparison, reachability, and irrelevance reduction. Our narrower premise is a deterministic target graph whose complete observations supply one source-state map for every unresolved reference interpretation; this premise yields local obligations and binding-wise target-distance diagnoses.",not-online-checked,,,,Metadata resolution validates identity fields only; relevance and claims are assessed in the manuscript and reference inventory.
bourke2017lustre,inproceedings,A Formally Verified Compiler for Lustre,Timothy Bourke and L\'elio Brun and Pierre-\'Evariste Dagand and Xavier Leroy and Marc Pouzet and Lionel Rieg,,Proceedings of the ACM SIGPLAN Conference on Programming Language Design and Implementation,10.1145/3062341.3062358,10.1145/3062341.3062358,,1,paper/sections/discussion.tex,37,"Mechanically verified validators provide stronger assurance. Instruction-scheduling validators are proved in Coq~\cite{tristan2008validators}; LR automata can be checked by a proved validator~\cite{jourdan2012parsers}; and verified compilers cover longer semantic chains~\cite{leroy2009backend,bourke2017lustre}. Leapfrog combines symbolic bisimulation with mechanized soundness for protocol parsers~\cite{doenges2022leapfrog}. Our assurance is written proofs plus finite differential evidence. Its conditional simplification comes from the supplied source-state map; different inputs and semantics do not support a performance ranking.",not-online-checked,,,,Metadata resolution validates identity fields only; relevance and claims are assessed in the manuscript and reference inventory.
bryant1986graphs,article,,Randal E. Bryant,,IEEE Transactions on Computers,10.1109/TC.1986.1676819,10.1109/TC.1986.1676819,,2,paper/sections/discussion.tex,40,"Kleene algebra with tests~\cite{kozen1997kat}, NetKAT~\cite{anderson2014netkat}, derivative-based coalgebraic equivalence~\cite{foster2015coalgebraic}, symbolic large-alphabet algorithms~\cite{pous2015symbolic}, bisimulation up to congruence~\cite{bonchi2013congruence}, and KATch~\cite{moeller2024katch} exploit symbolic sharing beyond syntactic support. Guarded KAT has a nearly linear procedure for a different uninterpreted-program model~\cite{smolka2020gkat}. Reduced decision diagrams likewise share identical subfunctions~\cite{bryant1986graphs}. Our width experiment compares delivered procedures, not these general systems, and its coNP result concerns a different representation and interpretation problem.",not-online-checked,,,,Metadata resolution validates identity fields only; relevance and claims are assessed in the manuscript and reference inventory.
chakarov2025cloud,inproceedings,Formally Verified Cloud-Scale Authorization,Aleks Chakarov and Jaco Geldenhuys and Matthew Heck and Michael Hicks and Sam Huang and Georges-Axel Jaloyan and Anjali Joshi and K. Rustan M. Leino and Mikael Mayer and Sean McLaughlin and Akhilesh Mritunjai and Cl\'ement Pit-Claudel and Sorawee Porncharoenwase and Florian Rabe and Marianna Rapoport and Giles Reger and Cody Roux and Neha Rungta and Robin Salkeld and Matthias Schlaipfer and Daniel Schoepe and Johanna Schwartzentruber and Serdar Tasiran and Aaron Tomb and Emina Torlak and Jean-Baptiste Tristan and Lucas Wagner and Michael Whalen and Remy Willems and Tongtong Xiang and Tae Joon Byun and Joshua Cohen and Ruijie Fang and Junyoung Jang and Jakob Rath and Hira Taqdees Syeda and Dominik Wagner and Yongwei Yuan,,Proceedings of the IEEE/ACM International Conference on Software Engineering,10.1109/ICSE55347.2025.00166,10.1109/ICSE55347.2025.00166,,1,paper/sections/discussion.tex,45,"Rights safety asks whether authority can be acquired~\cite{harrison1976protection}; security automata characterize enforceable safety~\cite{schneider2000enforceable}, and monitoring and rewriting have distinct computability limits~\cite{hamlen2006enforcement}. A passing certificate only equates two supplied transition descriptions. Its finite witness is neither a bounded liveness test~\cite{alpern1985liveness} nor a hyperproperty guarantee~\cite{clarkson2010hyperproperties}. Stack inspection shows that preservation depends on execution representation~\cite{clements2004stack}, while cloud-scale authorization verification requires an engineering link from model to service~\cite{chakarov2025cloud}. Deployment would still need a justified state decoder, serialization point, installation path, and rules for changing entities.",not-online-checked,,,,Metadata resolution validates identity fields only; relevance and claims are assessed in the manuscript and reference inventory.
clarke1994abstraction,article,,Edmund M. Clarke and Orna Grumberg and David E. Long,,ACM Transactions on Programming Languages and Systems,10.1145/186025.186051,10.1145/186025.186051,,1,paper/sections/discussion.tex,42,"Software-product-line checking shares work across configurations~\cite{classen2011symbolic}; our common target graph additionally fixes the source valuation along every matching prefix. Semantic independence differs from occurrence~\cite{lang2003independence}, and correlated binding families require exact projected assignments rather than unrestricted coordinate changes. Abstract interpretation~\cite{cousot1977abstract}, abstract model checking~\cite{clarke1994abstraction}, CEGAR~\cite{clarke2000cegar}, and trace partitioning~\cite{rival2007partitioning} trade precision against representation. Our observation cone is instead an exact, sufficient dependence closure, related to slicing~\cite{horwitz1990slicing}; it is not claimed minimal.",not-online-checked,,,,Metadata resolution validates identity fields only; relevance and claims are assessed in the manuscript and reference inventory.
clarke2000cegar,inproceedings,Counterexample-Guided Abstraction Refinement,Edmund Clarke and Orna Grumberg and Somesh Jha and Yuan Lu and Helmut Veith,2000,Computer Aided Verification,,,,1,paper/sections/discussion.tex,42,"Software-product-line checking shares work across configurations~\cite{classen2011symbolic}; our common target graph additionally fixes the source valuation along every matching prefix. Semantic independence differs from occurrence~\cite{lang2003independence}, and correlated binding families require exact projected assignments rather than unrestricted coordinate changes. Abstract interpretation~\cite{cousot1977abstract}, abstract model checking~\cite{clarke1994abstraction}, CEGAR~\cite{clarke2000cegar}, and trace partitioning~\cite{rival2007partitioning} trade precision against representation. Our observation cone is instead an exact, sufficient dependence closure, related to slicing~\cite{horwitz1990slicing}; it is not claimed minimal.",not-online-checked,,,,Metadata resolution validates identity fields only; relevance and claims are assessed in the manuscript and reference inventory.
clarkson2010hyperproperties,article,,Michael R. Clarkson and Fred B. Schneider,,Journal of Computer Security,10.3233/JCS-2009-0393,10.3233/JCS-2009-0393,,1,paper/sections/discussion.tex,45,"Rights safety asks whether authority can be acquired~\cite{harrison1976protection}; security automata characterize enforceable safety~\cite{schneider2000enforceable}, and monitoring and rewriting have distinct computability limits~\cite{hamlen2006enforcement}. A passing certificate only equates two supplied transition descriptions. Its finite witness is neither a bounded liveness test~\cite{alpern1985liveness} nor a hyperproperty guarantee~\cite{clarkson2010hyperproperties}. Stack inspection shows that preservation depends on execution representation~\cite{clements2004stack}, while cloud-scale authorization verification requires an engineering link from model to service~\cite{chakarov2025cloud}. Deployment would still need a justified state decoder, serialization point, installation path, and rules for changing entities.",not-online-checked,,,,Metadata resolution validates identity fields only; relevance and claims are assessed in the manuscript and reference inventory.
classen2011symbolic,inproceedings,Symbolic Model Checking of Software Product Lines,Andreas Classen and Patrick Heymans and Pierre-Yves Schobbens and Axel Legay,,Proceedings of the International Conference on Software Engineering,10.1145/1985793.1985838,10.1145/1985793.1985838,,1,paper/sections/discussion.tex,42,"Software-product-line checking shares work across configurations~\cite{classen2011symbolic}; our common target graph additionally fixes the source valuation along every matching prefix. Semantic independence differs from occurrence~\cite{lang2003independence}, and correlated binding families require exact projected assignments rather than unrestricted coordinate changes. Abstract interpretation~\cite{cousot1977abstract}, abstract model checking~\cite{clarke1994abstraction}, CEGAR~\cite{clarke2000cegar}, and trace partitioning~\cite{rival2007partitioning} trade precision against representation. Our observation cone is instead an exact, sufficient dependence closure, related to slicing~\cite{horwitz1990slicing}; it is not claimed minimal.",not-online-checked,,,,Metadata resolution validates identity fields only; relevance and claims are assessed in the manuscript and reference inventory.
clements2004stack,article,A Tail-Recursive Machine with Stack Inspection,John Clements and Matthias Felleisen,,ACM Transactions on Programming Languages and Systems,10.1145/1034774.1034778,10.1145/1034774.1034778,,1,paper/sections/discussion.tex,45,"Rights safety asks whether authority can be acquired~\cite{harrison1976protection}; security automata characterize enforceable safety~\cite{schneider2000enforceable}, and monitoring and rewriting have distinct computability limits~\cite{hamlen2006enforcement}. A passing certificate only equates two supplied transition descriptions. Its finite witness is neither a bounded liveness test~\cite{alpern1985liveness} nor a hyperproperty guarantee~\cite{clarkson2010hyperproperties}. Stack inspection shows that preservation depends on execution representation~\cite{clements2004stack}, while cloud-scale authorization verification requires an engineering link from model to service~\cite{chakarov2025cloud}. Deployment would still need a justified state decoder, serialization point, installation path, and rules for changing entities.",not-online-checked,,,,Metadata resolution validates identity fields only; relevance and claims are assessed in the manuscript and reference inventory.
cousot1977abstract,inproceedings,Abstract Interpretation: A Unified Lattice Model for Static Analysis of Programs by Construction or Approximation of Fixpoints,Patrick Cousot and Radhia Cousot,1977,Proceedings of the ACM SIGPLAN-SIGACT Symposium on Principles of Programming Languages,,,,1,paper/sections/discussion.tex,42,"Software-product-line checking shares work across configurations~\cite{classen2011symbolic}; our common target graph additionally fixes the source valuation along every matching prefix. Semantic independence differs from occurrence~\cite{lang2003independence}, and correlated binding families require exact projected assignments rather than unrestricted coordinate changes. Abstract interpretation~\cite{cousot1977abstract}, abstract model checking~\cite{clarke1994abstraction}, CEGAR~\cite{clarke2000cegar}, and trace partitioning~\cite{rival2007partitioning} trade precision against representation. Our observation cone is instead an exact, sufficient dependence closure, related to slicing~\cite{horwitz1990slicing}; it is not claimed minimal.",not-online-checked,,,,Metadata resolution validates identity fields only; relevance and claims are assessed in the manuscript and reference inventory.
cutler2024cedar,article,"Cedar: A New Language for Expressive, Fast, Safe, and Analyzable Authorization",Joseph W. Cutler and Craig Disselkoen and Aaron Eline and Shaobo He and Kyle Headley and Michael Hicks and Kesha Hietala and Eleftherios Ioannidis and John Kastner and Anwar Mamat and Darin McAdams and Matt McCutchen and Neha Rungta and Emina Torlak and Andrew M. Wells,,Proceedings of the ACM on Programming Languages,,,,2,paper/sections/introduction.tex,6,"Semantic policy comparison is well established. Margrave identifies permission differences through decision diagrams~\cite{fisler2005margrave}. Dynamic access-control policies have been compared on accessible relational contexts~\cite{dougherty2006dynamic}. Cedar supplies a typed language and a sound and complete symbolic encoding for authorization analysis~\cite{cutler2024cedar}. Our question is narrower: when a compiled interface reveals the entire source policy valuation, can that information replace source--target relation search for a finite family of interpretations, and what does it imply about the earliest disagreement?",not-online-checked,,,,Metadata resolution validates identity fields only; relevance and claims are assessed in the manuscript and reference inventory.
doenges2022leapfrog,inproceedings,Leapfrog: Certified Equivalence for Protocol Parsers,Ryan Doenges and Tobias Kapp\'e and John Sarracino and Nate Foster and Greg Morrisett,,Proceedings of the ACM SIGPLAN Conference on Programming Language Design and Implementation,10.1145/3519939.3523715,10.1145/3519939.3523715,,1,paper/sections/discussion.tex,37,"Mechanically verified validators provide stronger assurance. Instruction-scheduling validators are proved in Coq~\cite{tristan2008validators}; LR automata can be checked by a proved validator~\cite{jourdan2012parsers}; and verified compilers cover longer semantic chains~\cite{leroy2009backend,bourke2017lustre}. Leapfrog combines symbolic bisimulation with mechanized soundness for protocol parsers~\cite{doenges2022leapfrog}. Our assurance is written proofs plus finite differential evidence. Its conditional simplification comes from the supplied source-state map; different inputs and semantics do not support a performance ranking.",not-online-checked,,,,Metadata resolution validates identity fields only; relevance and claims are assessed in the manuscript and reference inventory.
dougherty2006dynamic,inproceedings,Specifying and Reasoning about Dynamic Access-Control Policies,Daniel J. Dougherty and Kathi Fisler and Shriram Krishnamurthi,2006,Automated Reasoning (IJCAR),,,,3,paper/sections/introduction.tex,6,"Semantic policy comparison is well established. Margrave identifies permission differences through decision diagrams~\cite{fisler2005margrave}. Dynamic access-control policies have been compared on accessible relational contexts~\cite{dougherty2006dynamic}. Cedar supplies a typed language and a sound and complete symbolic encoding for authorization analysis~\cite{cutler2024cedar}. Our question is narrower: when a compiled interface reveals the entire source policy valuation, can that information replace source--target relation search for a finite family of interpretations, and what does it imply about the earliest disagreement?",not-online-checked,,,,Metadata resolution validates identity fields only; relevance and claims are assessed in the manuscript and reference inventory.
fisler2005margrave,inproceedings,Verification and Change-Impact Analysis of Access-Control Policies,Kathi Fisler and Shriram Krishnamurthi and Leo A. Meyerovich and Michael Carl Tschantz,2005,Proceedings of the International Conference on Software Engineering,,,,3,paper/sections/introduction.tex,6,"Semantic policy comparison is well established. Margrave identifies permission differences through decision diagrams~\cite{fisler2005margrave}. Dynamic access-control policies have been compared on accessible relational contexts~\cite{dougherty2006dynamic}. Cedar supplies a typed language and a sound and complete symbolic encoding for authorization analysis~\cite{cutler2024cedar}. Our question is narrower: when a compiled interface reveals the entire source policy valuation, can that information replace source--target relation search for a finite family of interpretations, and what does it imply about the earliest disagreement?",not-online-checked,,,,Metadata resolution validates identity fields only; relevance and claims are assessed in the manuscript and reference inventory.
foster2007lenses,article,Combinators for Bidirectional Tree Transformations: A Linguistic Approach to the View-Update Problem,J. Nathan Foster and Michael B. Greenwald and Jonathan T. Moore and Benjamin C. Pierce and Alan Schmitt,,ACM Transactions on Programming Languages and Systems,10.1145/1232420.1232424,10.1145/1232420.1232424,,2,paper/sections/language.tex,139,"This is a structural round trip, not byte identity for arbitrary input. Whitespace, escape spelling, declaration ordering within a phase, and membership grouping may change. Nor is it a lens law for arbitrary updates to a view. Bidirectional tree-transformation languages study stronger update-consistency problems~\cite{foster2007lenses}; the laws here concern a canonical serialization and a separate semantic reification operation.",not-online-checked,,,,Metadata resolution validates identity fields only; relevance and claims are assessed in the manuscript and reference inventory.
foster2015coalgebraic,inproceedings,A Coalgebraic Decision Procedure for NetKAT,Nate Foster and Dexter Kozen and Matthew Milano and Alexandra Silva and Laure Thompson,2015,Proceedings of the ACM SIGPLAN-SIGACT Symposium on Principles of Programming Languages,,,,1,paper/sections/discussion.tex,40,"Kleene algebra with tests~\cite{kozen1997kat}, NetKAT~\cite{anderson2014netkat}, derivative-based coalgebraic equivalence~\cite{foster2015coalgebraic}, symbolic large-alphabet algorithms~\cite{pous2015symbolic}, bisimulation up to congruence~\cite{bonchi2013congruence}, and KATch~\cite{moeller2024katch} exploit symbolic sharing beyond syntactic support. Guarded KAT has a nearly linear procedure for a different uninterpreted-program model~\cite{smolka2020gkat}. Reduced decision diagrams likewise share identical subfunctions~\cite{bryant1986graphs}. Our width experiment compares delivered procedures, not these general systems, and its coNP result concerns a different representation and interpretation problem.",not-online-checked,,,,Metadata resolution validates identity fields only; relevance and claims are assessed in the manuscript and reference inventory.
fournet2007authorization,article,A Type Discipline for Authorization Policies,C\'edric Fournet and Andrew D. Gordon and Sergio Maffeis,,ACM Transactions on Programming Languages and Systems,10.1145/1275497.1275500,10.1145/1275497.1275500,,1,paper/sections/discussion.tex,27,"Authorization is richer than reference resolution. The access-control calculus formalizes principals and delegation~\cite{abadi1993access}; type disciplines enforce authorization assertions~\cite{fournet2007authorization}, connect refinement types to implementations~\cite{bengtson2008refinement}, and support stateful authorization and information flow in FINE~\cite{swamy2010fine}. Our types only make finite steps meaningful: a well-typed policy may still disagree with its table. Likewise, lenses~\cite{foster2007lenses} and invertible syntax descriptions~\cite{rendel2010invertible} motivate round trips, but our semantic reification recovers an observable quotient, not wording or rule order.",not-online-checked,,,,Metadata resolution validates identity fields only; relevance and claims are assessed in the manuscript and reference inventory.
fuchs2008attempto,incollection,Attempto Controlled English for Knowledge Representation,Norbert E. Fuchs and Kaarel Kaljurand and Tobias Kuhn,2008,Reasoning Web,,,,1,paper/sections/discussion.tex,25,"Controlled languages range from readability restrictions to formal interpretations~\cite{kuhn2014survey}. Attempto Controlled English translates to logic~\cite{fuchs2008attempto}; CNL-P supplies a structured front end and linter while leaving fuller compiler and runtime infrastructure open~\cite{xing2025cnlp}. Our fragment begins after that boundary, with finite entities and candidate referents as explicit inputs. AutoCedar instead synthesizes policies against a formal target~\cite{vatsa2026autocedar}; choosing a convenient interpretation after our checker rejects would change the fixed source requirement.",not-online-checked,,,,Metadata resolution validates identity fields only; relevance and claims are assessed in the manuscript and reference inventory.
hamlen2006enforcement,article,Computability Classes for Enforcement Mechanisms,Kevin W. Hamlen and Greg Morrisett and Fred B. Schneider,,ACM Transactions on Programming Languages and Systems,10.1145/1111596.1111601,10.1145/1111596.1111601,,1,paper/sections/discussion.tex,45,"Rights safety asks whether authority can be acquired~\cite{harrison1976protection}; security automata characterize enforceable safety~\cite{schneider2000enforceable}, and monitoring and rewriting have distinct computability limits~\cite{hamlen2006enforcement}. A passing certificate only equates two supplied transition descriptions. Its finite witness is neither a bounded liveness test~\cite{alpern1985liveness} nor a hyperproperty guarantee~\cite{clarkson2010hyperproperties}. Stack inspection shows that preservation depends on execution representation~\cite{clements2004stack}, while cloud-scale authorization verification requires an engineering link from model to service~\cite{chakarov2025cloud}. Deployment would still need a justified state decoder, serialization point, installation path, and rules for changing entities.",not-online-checked,,,,Metadata resolution validates identity fields only; relevance and claims are assessed in the manuscript and reference inventory.
harrison1976protection,article,Protection in Operating Systems,Michael A. Harrison and Walter L. Ruzzo and Jeffrey D. Ullman,,Communications of the ACM,10.1145/360303.360333,10.1145/360303.360333,,1,paper/sections/discussion.tex,45,"Rights safety asks whether authority can be acquired~\cite{harrison1976protection}; security automata characterize enforceable safety~\cite{schneider2000enforceable}, and monitoring and rewriting have distinct computability limits~\cite{hamlen2006enforcement}. A passing certificate only equates two supplied transition descriptions. Its finite witness is neither a bounded liveness test~\cite{alpern1985liveness} nor a hyperproperty guarantee~\cite{clarkson2010hyperproperties}. Stack inspection shows that preservation depends on execution representation~\cite{clements2004stack}, while cloud-scale authorization verification requires an engineering link from model to service~\cite{chakarov2025cloud}. Deployment would still need a justified state decoder, serialization point, installation path, and rules for changing entities.",not-online-checked,,,,Metadata resolution validates identity fields only; relevance and claims are assessed in the manuscript and reference inventory.
horwitz1990slicing,article,Interprocedural Slicing Using Dependence Graphs,Susan Horwitz and Thomas Reps and David Binkley,,ACM Transactions on Programming Languages and Systems,10.1145/77606.77608,10.1145/77606.77608,,2,paper/sections/ambiguity.tex,112,"Backward dependence closure is a standard basis for program slicing~\cite{horwitz1990slicing}. Here it yields a sufficient observation interface for this particular ordered-guard, simultaneous-update language. The following result does not find a minimum semantic slice; it states exactly which syntactic dependencies make projection commute with every step.",not-online-checked,,,,Metadata resolution validates identity fields only; relevance and claims are assessed in the manuscript and reference inventory.
jourdan2012parsers,inproceedings,Validating LR(1) Parsers,Jacques-Henri Jourdan and Fran\c cois Pottier and Xavier Leroy,,Programming Languages and Systems (ESOP),10.1007/978-3-642-28869-2_20,10.1007/978-3-642-28869-2_20,,1,paper/sections/discussion.tex,37,"Mechanically verified validators provide stronger assurance. Instruction-scheduling validators are proved in Coq~\cite{tristan2008validators}; LR automata can be checked by a proved validator~\cite{jourdan2012parsers}; and verified compilers cover longer semantic chains~\cite{leroy2009backend,bourke2017lustre}. Leapfrog combines symbolic bisimulation with mechanized soundness for protocol parsers~\cite{doenges2022leapfrog}. Our assurance is written proofs plus finite differential evidence. Its conditional simplification comes from the supplied source-state map; different inputs and semantics do not support a performance ranking.",not-online-checked,,,,Metadata resolution validates identity fields only; relevance and claims are assessed in the manuscript and reference inventory.
kozen1997kat,article,,Dexter Kozen,,ACM Transactions on Programming Languages and Systems,10.1145/256167.256195,10.1145/256167.256195,,1,paper/sections/discussion.tex,40,"Kleene algebra with tests~\cite{kozen1997kat}, NetKAT~\cite{anderson2014netkat}, derivative-based coalgebraic equivalence~\cite{foster2015coalgebraic}, symbolic large-alphabet algorithms~\cite{pous2015symbolic}, bisimulation up to congruence~\cite{bonchi2013congruence}, and KATch~\cite{moeller2024katch} exploit symbolic sharing beyond syntactic support. Guarded KAT has a nearly linear procedure for a different uninterpreted-program model~\cite{smolka2020gkat}. Reduced decision diagrams likewise share identical subfunctions~\cite{bryant1986graphs}. Our width experiment compares delivered procedures, not these general systems, and its coNP result concerns a different representation and interpretation problem.",not-online-checked,,,,Metadata resolution validates identity fields only; relevance and claims are assessed in the manuscript and reference inventory.
kuhn2014survey,article,,Tobias Kuhn,,Computational Linguistics,10.1162/COLI_a_00168,10.1162/COLI_a_00168,,1,paper/sections/discussion.tex,25,"Controlled languages range from readability restrictions to formal interpretations~\cite{kuhn2014survey}. Attempto Controlled English translates to logic~\cite{fuchs2008attempto}; CNL-P supplies a structured front end and linter while leaving fuller compiler and runtime infrastructure open~\cite{xing2025cnlp}. Our fragment begins after that boundary, with finite entities and candidate referents as explicit inputs. AutoCedar instead synthesizes policies against a formal target~\cite{vatsa2026autocedar}; choosing a convenient interpretation after our checker rejects would change the fixed source requirement.",not-online-checked,,,,Metadata resolution validates identity fields only; relevance and claims are assessed in the manuscript and reference inventory.
lamport1994tla,article,,Leslie Lamport,,ACM Transactions on Programming Languages and Systems,10.1145/177492.177726,10.1145/177492.177726,,1,paper/sections/discussion.tex,30,"Refinement mappings~\cite{abadi1991mappings}, simulations~\cite{lynch1995simulations}, state-based refinement~\cite{lamport1996refinement}, and TLA behaviors~\cite{lamport1994tla} provide the general setting. Here the target observation already supplies a lockstep map. The work is therefore not the induction itself, but exact localization over fixed interpretations, earliest-failure distances, and conditions for quotienting or projection. More general proofs may require auxiliary or prophecy state~\cite{lamport2022prophecy}; this checker discovers none. Decision-only observations lose the reconstruction invariant, whereas complete-state uniformity also implies stepwise switching closure.",not-online-checked,,,,Metadata resolution validates identity fields only; relevance and claims are assessed in the manuscript and reference inventory.
lamport1996refinement,techreport,,Leslie Lamport,,"Digital Equipment Corporation, Systems Research Center",https://lamport.azurewebsites.net/pubs/refinement.pdf,,,2,paper/sections/discussion.tex,30,"Refinement mappings~\cite{abadi1991mappings}, simulations~\cite{lynch1995simulations}, state-based refinement~\cite{lamport1996refinement}, and TLA behaviors~\cite{lamport1994tla} provide the general setting. Here the target observation already supplies a lockstep map. The work is therefore not the induction itself, but exact localization over fixed interpretations, earliest-failure distances, and conditions for quotienting or projection. More general proofs may require auxiliary or prophecy state~\cite{lamport2022prophecy}; this checker discovers none. Decision-only observations lose the reconstruction invariant, whereas complete-state uniformity also implies stepwise switching closure.",not-online-checked,,,,Metadata resolution validates identity fields only; relevance and claims are assessed in the manuscript and reference inventory.
lamport2022prophecy,article,,Leslie Lamport and Stephan Merz,,ACM Transactions on Programming Languages and Systems,10.1145/3492545,10.1145/3492545,,1,paper/sections/discussion.tex,30,"Refinement mappings~\cite{abadi1991mappings}, simulations~\cite{lynch1995simulations}, state-based refinement~\cite{lamport1996refinement}, and TLA behaviors~\cite{lamport1994tla} provide the general setting. Here the target observation already supplies a lockstep map. The work is therefore not the induction itself, but exact localization over fixed interpretations, earliest-failure distances, and conditions for quotienting or projection. More general proofs may require auxiliary or prophecy state~\cite{lamport2022prophecy}; this checker discovers none. Decision-only observations lose the reconstruction invariant, whereas complete-state uniformity also implies stepwise switching closure.",not-online-checked,,,,Metadata resolution validates identity fields only; relevance and claims are assessed in the manuscript and reference inventory.
lang2003independence,article,Propositional Independence: Formula-Variable Independence and Forgetting,J\'er\^ome Lang and Paolo Liberatore and Pierre Marquis,,Journal of Artificial Intelligence Research,10.1613/jair.1113,10.1613/jair.1113,,2,paper/sections/ambiguity.tex,63,"This proposition specializes a standard semantic-dependence idea to policy outputs. Syntactic occurrence and semantic relevance are not the same: formula-variable independence explicitly separates these concepts and studies the cost of removing irrelevant variables~\cite{lang2003independence}. Our use of concrete viability is a conservative, directly checkable support computation, not a claim that syntactic analysis computes the minimum semantic support.",not-online-checked,,,,Metadata resolution validates identity fields only; relevance and claims are assessed in the manuscript and reference inventory.
leroy2009backend,article,,Xavier Leroy,,Journal of Automated Reasoning,10.1007/s10817-009-9155-4,10.1007/s10817-009-9155-4,,1,paper/sections/discussion.tex,37,"Mechanically verified validators provide stronger assurance. Instruction-scheduling validators are proved in Coq~\cite{tristan2008validators}; LR automata can be checked by a proved validator~\cite{jourdan2012parsers}; and verified compilers cover longer semantic chains~\cite{leroy2009backend,bourke2017lustre}. Leapfrog combines symbolic bisimulation with mechanized soundness for protocol parsers~\cite{doenges2022leapfrog}. Our assurance is written proofs plus finite differential evidence. Its conditional simplification comes from the supplied source-state map; different inputs and semantics do not support a performance ranking.",not-online-checked,,,,Metadata resolution validates identity fields only; relevance and claims are assessed in the manuscript and reference inventory.
liu2009linearizability,inproceedings,Model Checking Linearizability via Refinement,Yang Liu and Wei Chen and Yanhong A. Liu and Jun Sun,,FM 2009: Formal Methods,10.1007/978-3-642-05089-3_21,10.1007/978-3-642-05089-3_21,,2,paper/sections/discussion.tex,32,Trace-relating compiler correctness permits relations beyond equality~\cite{abate2021traces}; Relational NetKAT compiles user-specified packet-trace relations to transducers~\cite{xu2026relational}. Our traces are equal-length and request indexed through one state map. Linearizability checking handles overlapping operations~\cite{liu2009linearizability}; ours are sequential. Robust compilation quantifies over interacting target contexts~\cite{patrignani2024uc}; ours quantifies over requests and referent choices. These stronger frameworks delimit rather than subsume the operational benefit of the supplied map.,not-online-checked,,,,Metadata resolution validates identity fields only; relevance and claims are assessed in the manuscript and reference inventory.
lynch1995simulations,article,Forward and Backward Simulations. Part I: Untimed Systems,Nancy Lynch and Frits Vaandrager,,Information and Computation,10.1006/inco.1995.1134,10.1006/inco.1995.1134,,1,paper/sections/discussion.tex,30,"Refinement mappings~\cite{abadi1991mappings}, simulations~\cite{lynch1995simulations}, state-based refinement~\cite{lamport1996refinement}, and TLA behaviors~\cite{lamport1994tla} provide the general setting. Here the target observation already supplies a lockstep map. The work is therefore not the induction itself, but exact localization over fixed interpretations, earliest-failure distances, and conditions for quotienting or projection. More general proofs may require auxiliary or prophecy state~\cite{lamport2022prophecy}; this checker discovers none. Decision-only observations lose the reconstruction invariant, whereas complete-state uniformity also implies stepwise switching closure.",not-online-checked,,,,Metadata resolution validates identity fields only; relevance and claims are assessed in the manuscript and reference inventory.
moeller2024katch,article,KATch: A Fast Symbolic Verifier for NetKAT,Mark Moeller and Jules Jacobs and Olivier Savary B\'elanger and David Darais and Cole Schlesinger and Steffen Smolka and Nate Foster and Alexandra Silva,,Proceedings of the ACM on Programming Languages,10.1145/3656454,10.1145/3656454,,1,paper/sections/discussion.tex,40,"Kleene algebra with tests~\cite{kozen1997kat}, NetKAT~\cite{anderson2014netkat}, derivative-based coalgebraic equivalence~\cite{foster2015coalgebraic}, symbolic large-alphabet algorithms~\cite{pous2015symbolic}, bisimulation up to congruence~\cite{bonchi2013congruence}, and KATch~\cite{moeller2024katch} exploit symbolic sharing beyond syntactic support. Guarded KAT has a nearly linear procedure for a different uninterpreted-program model~\cite{smolka2020gkat}. Reduced decision diagrams likewise share identical subfunctions~\cite{bryant1986graphs}. Our width experiment compares delivered procedures, not these general systems, and its coNP result concerns a different representation and interpretation problem.",not-online-checked,,,,Metadata resolution validates identity fields only; relevance and claims are assessed in the manuscript and reference inventory.
necula1997pcc,inproceedings,,George C. Necula,1997,Proceedings of the ACM SIGPLAN-SIGACT Symposium on Principles of Programming Languages,,,,1,paper/sections/discussion.tex,35,"Proof-carrying code separates evidence production from policy checking~\cite{necula1997pcc}; translation validation checks individual translated results~\cite{pnueli1998validation}, including optimized code~\cite{necula2000validation}. Our certificate is a closed target region, and its checker reconstructs support and evaluates the equations; a short region can still require exponentially many assignments. Certificate translation transports evidence across transformations~\cite{barthe2009translation}, with abstract models separating analyses and obligations~\cite{barthe2011abstract}. By contrast, our source AST remains an independent semantic input.",not-online-checked,,,,Metadata resolution validates identity fields only; relevance and claims are assessed in the manuscript and reference inventory.
necula2000validation,inproceedings,,George C. Necula,,Proceedings of the ACM SIGPLAN Conference on Programming Language Design and Implementation,10.1145/349299.349314,10.1145/349299.349314,,2,paper/sections/discussion.tex,35,"Proof-carrying code separates evidence production from policy checking~\cite{necula1997pcc}; translation validation checks individual translated results~\cite{pnueli1998validation}, including optimized code~\cite{necula2000validation}. Our certificate is a closed target region, and its checker reconstructs support and evaluates the equations; a short region can still require exponentially many assignments. Certificate translation transports evidence across transformations~\cite{barthe2009translation}, with abstract models separating analyses and obligations~\cite{barthe2011abstract}. By contrast, our source AST remains an independent semantic input.",not-online-checked,,,,Metadata resolution validates identity fields only; relevance and claims are assessed in the manuscript and reference inventory.
park2004ucon,article,,Jaehong Park and Ravi Sandhu,,ACM Transactions on Information and System Security,10.1145/984334.984339,10.1145/984334.984339,,1,paper/sections/discussion.tex,5,"Margrave reports semantic permission differences with decision diagrams~\cite{fisler2005margrave}. Dougherty et al. compare judgments in evolving relational environments by contextual containment over accessible states~\cite{dougherty2006dynamic}. DynPAL verifies transactions and invariants over policy databases~\cite{becker2009dynpal}, while UCON models mutable attributes and ongoing usage~\cite{park2004ucon}. Zelkova encodes policy comparison in SMT~\cite{backes2018zelkova}, and Block Public Access derives query-specific residual policies under syntactic trust conditions~\cite{bouchet2020public}. These works establish semantic comparison, reachability, and irrelevance reduction. Our narrower premise is a deterministic target graph whose complete observations supply one source-state map for every unresolved reference interpretation; this premise yields local obligations and binding-wise target-distance diagnoses.",not-online-checked,,,,Metadata resolution validates identity fields only; relevance and claims are assessed in the manuscript and reference inventory.
patrignani2024uc,article,Universal Composability Is Robust Compilation,"Marco Patrignani and Robert K\""unnemann and Riad S. Wahby and Ethan Cecchetti",,ACM Transactions on Programming Languages and Systems,10.1145/3698234,10.1145/3698234,,1,paper/sections/discussion.tex,32,Trace-relating compiler correctness permits relations beyond equality~\cite{abate2021traces}; Relational NetKAT compiles user-specified packet-trace relations to transducers~\cite{xu2026relational}. Our traces are equal-length and request indexed through one state map. Linearizability checking handles overlapping operations~\cite{liu2009linearizability}; ours are sequential. Robust compilation quantifies over interacting target contexts~\cite{patrignani2024uc}; ours quantifies over requests and referent choices. These stronger frameworks delimit rather than subsume the operational benefit of the supplied map.,not-online-checked,,,,Metadata resolution validates identity fields only; relevance and claims are assessed in the manuscript and reference inventory.
pnueli1998validation,inproceedings,,Amir Pnueli and Michael Siegel and Eli Singerman,,Tools and Algorithms for the Construction and Analysis of Systems,10.1007/BFb0054170,10.1007/BFb0054170,,1,paper/sections/discussion.tex,35,"Proof-carrying code separates evidence production from policy checking~\cite{necula1997pcc}; translation validation checks individual translated results~\cite{pnueli1998validation}, including optimized code~\cite{necula2000validation}. Our certificate is a closed target region, and its checker reconstructs support and evaluates the equations; a short region can still require exponentially many assignments. Certificate translation transports evidence across transformations~\cite{barthe2009translation}, with abstract models separating analyses and obligations~\cite{barthe2011abstract}. By contrast, our source AST remains an independent semantic input.",not-online-checked,,,,Metadata resolution validates identity fields only; relevance and claims are assessed in the manuscript and reference inventory.
pous2015symbolic,inproceedings,,Damien Pous,2015,Proceedings of the ACM SIGPLAN-SIGACT Symposium on Principles of Programming Languages,,,,1,paper/sections/discussion.tex,40,"Kleene algebra with tests~\cite{kozen1997kat}, NetKAT~\cite{anderson2014netkat}, derivative-based coalgebraic equivalence~\cite{foster2015coalgebraic}, symbolic large-alphabet algorithms~\cite{pous2015symbolic}, bisimulation up to congruence~\cite{bonchi2013congruence}, and KATch~\cite{moeller2024katch} exploit symbolic sharing beyond syntactic support. Guarded KAT has a nearly linear procedure for a different uninterpreted-program model~\cite{smolka2020gkat}. Reduced decision diagrams likewise share identical subfunctions~\cite{bryant1986graphs}. Our width experiment compares delivered procedures, not these general systems, and its coNP result concerns a different representation and interpretation problem.",not-online-checked,,,,Metadata resolution validates identity fields only; relevance and claims are assessed in the manuscript and reference inventory.
rendel2010invertible,inproceedings,Invertible Syntax Descriptions: Unifying Parsing and Pretty Printing,Tillmann Rendel and Klaus Ostermann,,Proceedings of the ACM Haskell Symposium,10.1145/1863523.1863525,10.1145/1863523.1863525,,1,paper/sections/discussion.tex,27,"Authorization is richer than reference resolution. The access-control calculus formalizes principals and delegation~\cite{abadi1993access}; type disciplines enforce authorization assertions~\cite{fournet2007authorization}, connect refinement types to implementations~\cite{bengtson2008refinement}, and support stateful authorization and information flow in FINE~\cite{swamy2010fine}. Our types only make finite steps meaningful: a well-typed policy may still disagree with its table. Likewise, lenses~\cite{foster2007lenses} and invertible syntax descriptions~\cite{rendel2010invertible} motivate round trips, but our semantic reification recovers an observable quotient, not wording or rule order.",not-online-checked,,,,Metadata resolution validates identity fields only; relevance and claims are assessed in the manuscript and reference inventory.
rival2007partitioning,article,,Xavier Rival and Laurent Mauborgne,,ACM Transactions on Programming Languages and Systems,10.1145/1275497.1275501,10.1145/1275497.1275501,,1,paper/sections/discussion.tex,42,"Software-product-line checking shares work across configurations~\cite{classen2011symbolic}; our common target graph additionally fixes the source valuation along every matching prefix. Semantic independence differs from occurrence~\cite{lang2003independence}, and correlated binding families require exact projected assignments rather than unrestricted coordinate changes. Abstract interpretation~\cite{cousot1977abstract}, abstract model checking~\cite{clarke1994abstraction}, CEGAR~\cite{clarke2000cegar}, and trace partitioning~\cite{rival2007partitioning} trade precision against representation. Our observation cone is instead an exact, sufficient dependence closure, related to slicing~\cite{horwitz1990slicing}; it is not claimed minimal.",not-online-checked,,,,Metadata resolution validates identity fields only; relevance and claims are assessed in the manuscript and reference inventory.
schneider2000enforceable,article,,Fred B. Schneider,,ACM Transactions on Information and System Security,10.1145/353323.353382,10.1145/353323.353382,,1,paper/sections/discussion.tex,45,"Rights safety asks whether authority can be acquired~\cite{harrison1976protection}; security automata characterize enforceable safety~\cite{schneider2000enforceable}, and monitoring and rewriting have distinct computability limits~\cite{hamlen2006enforcement}. A passing certificate only equates two supplied transition descriptions. Its finite witness is neither a bounded liveness test~\cite{alpern1985liveness} nor a hyperproperty guarantee~\cite{clarkson2010hyperproperties}. Stack inspection shows that preservation depends on execution representation~\cite{clements2004stack}, while cloud-scale authorization verification requires an engineering link from model to service~\cite{chakarov2025cloud}. Deployment would still need a justified state decoder, serialization point, installation path, and rules for changing entities.",not-online-checked,,,,Metadata resolution validates identity fields only; relevance and claims are assessed in the manuscript and reference inventory.
smolka2020gkat,article,Guarded Kleene Algebra with Tests: Verification of Uninterpreted Programs in Nearly Linear Time,Steffen Smolka and Nate Foster and Justin Hsu and Tobias Kapp\'e and Dexter Kozen and Alexandra Silva,,Proceedings of the ACM on Programming Languages,10.1145/3371129,10.1145/3371129,,1,paper/sections/discussion.tex,40,"Kleene algebra with tests~\cite{kozen1997kat}, NetKAT~\cite{anderson2014netkat}, derivative-based coalgebraic equivalence~\cite{foster2015coalgebraic}, symbolic large-alphabet algorithms~\cite{pous2015symbolic}, bisimulation up to congruence~\cite{bonchi2013congruence}, and KATch~\cite{moeller2024katch} exploit symbolic sharing beyond syntactic support. Guarded KAT has a nearly linear procedure for a different uninterpreted-program model~\cite{smolka2020gkat}. Reduced decision diagrams likewise share identical subfunctions~\cite{bryant1986graphs}. Our width experiment compares delivered procedures, not these general systems, and its coNP result concerns a different representation and interpretation problem.",not-online-checked,,,,Metadata resolution validates identity fields only; relevance and claims are assessed in the manuscript and reference inventory.
swamy2010fine,inproceedings,Enforcing Stateful Authorization and Information Flow Policies in FINE,Nikhil Swamy and Juan Chen and Ravi Chugh,,Programming Languages and Systems (ESOP),10.1007/978-3-642-11957-6_28,10.1007/978-3-642-11957-6_28,,1,paper/sections/discussion.tex,27,"Authorization is richer than reference resolution. The access-control calculus formalizes principals and delegation~\cite{abadi1993access}; type disciplines enforce authorization assertions~\cite{fournet2007authorization}, connect refinement types to implementations~\cite{bengtson2008refinement}, and support stateful authorization and information flow in FINE~\cite{swamy2010fine}. Our types only make finite steps meaningful: a well-typed policy may still disagree with its table. Likewise, lenses~\cite{foster2007lenses} and invertible syntax descriptions~\cite{rendel2010invertible} motivate round trips, but our semantic reification recovers an observable quotient, not wording or rule order.",not-online-checked,,,,Metadata resolution validates identity fields only; relevance and claims are assessed in the manuscript and reference inventory.
tristan2008validators,inproceedings,Formal Verification of Translation Validators: A Case Study on Instruction Scheduling Optimizations,Jean-Baptiste Tristan and Xavier Leroy,,Proceedings of the ACM SIGPLAN-SIGACT Symposium on Principles of Programming Languages,10.1145/1328438.1328444,10.1145/1328438.1328444,,1,paper/sections/discussion.tex,37,"Mechanically verified validators provide stronger assurance. Instruction-scheduling validators are proved in Coq~\cite{tristan2008validators}; LR automata can be checked by a proved validator~\cite{jourdan2012parsers}; and verified compilers cover longer semantic chains~\cite{leroy2009backend,bourke2017lustre}. Leapfrog combines symbolic bisimulation with mechanized soundness for protocol parsers~\cite{doenges2022leapfrog}. Our assurance is written proofs plus finite differential evidence. Its conditional simplification comes from the supplied source-state map; different inputs and semantics do not support a performance ranking.",not-online-checked,,,,Metadata resolution validates identity fields only; relevance and claims are assessed in the manuscript and reference inventory.
vatsa2026autocedar,misc,AutoCedar: An Agentic Framework for Verifier-Guided Access Control Policy Synthesis,Adarsh Vatsa and Sachi Shome and Yingming Zhou and William Eiers,2026,,,,,1,paper/sections/discussion.tex,25,"Controlled languages range from readability restrictions to formal interpretations~\cite{kuhn2014survey}. Attempto Controlled English translates to logic~\cite{fuchs2008attempto}; CNL-P supplies a structured front end and linter while leaving fuller compiler and runtime infrastructure open~\cite{xing2025cnlp}. Our fragment begins after that boundary, with finite entities and candidate referents as explicit inputs. AutoCedar instead synthesizes policies against a formal target~\cite{vatsa2026autocedar}; choosing a convenient interpretation after our checker rejects would change the fixed source requirement.",not-online-checked,,,,Metadata resolution validates identity fields only; relevance and claims are assessed in the manuscript and reference inventory.
xing2025cnlp,misc,When Prompt Engineering Meets Software Engineering: CNL-P as Natural and Robust ``APIs'' for Human-AI Interaction,Zhenchang Xing and Yang Liu and Zhuo Cheng and Qing Huang and Dehai Zhao and Daniel Sun and Chenhua Liu,2025,,,,,2,paper/sections/introduction.tex,8,"We investigate this question for an ordered, stateful controlled-language fragment. A small grammar fixes the entities, guards, and simultaneous effects; declared references retain finitely many possible meanings. CNL-P motivates the separation between a structured front end and the further compiler/runtime infrastructure needed to give its outputs executable meaning~\cite{xing2025cnlp}. The language here is a separate formal fragment, not a semantics for unrestricted prose or an implementation of the full CNL-P design.",not-online-checked,,,,Metadata resolution validates identity fields only; relevance and claims are assessed in the manuscript and reference inventory.
xu2026relational,article,Network Change Validation with Relational NetKAT,Han Xu and Zachary Kincaid and Ratul Mahajan and David Walker,,Proceedings of the ACM on Programming Languages,10.1145/3776656,10.1145/3776656,,2,paper/sections/discussion.tex,18,Relational NetKAT~\cite{xu2026relational} & Intended changes to packet traces & User-specified trace relation compiled to transducers \\,not-online-checked,,,,Metadata resolution validates identity fields only; relevance and claims are assessed in the manuscript and reference inventory.
