aliases,reachable_states,requests,maximum_width,total_bindings,local_binding_evaluations,global_evaluations,global_complete_work_bound,global_oracle_executed,symbolic_operations,symbolic_nodes
1,2,1,1,2,4,4,4,True,20,10
2,2,2,1,4,8,16,16,True,56,14
3,2,3,1,8,12,48,48,True,108,18
4,2,4,1,16,16,128,128,True,176,22
5,2,5,1,32,20,320,320,True,260,26
6,2,6,1,64,24,768,768,True,360,30
7,2,7,1,128,28,1792,1792,True,476,34
8,2,8,1,256,32,4096,4096,True,608,38
9,2,9,1,512,36,,9216,False,756,42
10,2,10,1,1024,40,,20480,False,920,46
11,2,11,1,2048,44,,45056,False,1100,50
12,2,12,1,4096,48,,98304,False,1296,54
13,2,13,1,8192,52,,212992,False,1508,58
14,2,14,1,16384,56,,458752,False,1736,62
15,2,15,1,32768,60,,983040,False,1980,66
16,2,16,1,65536,64,,2097152,False,2240,70
